-- phpMyAdmin SQL Dump
-- version 5.0.2
-- https://www.phpmyadmin.net/
--
-- Host: localhost
-- Czas generowania: 09 Kwi 2020, 19:38
-- Wersja serwera: 10.3.22-MariaDB-0+deb10u1
-- Wersja PHP: 7.4.4

SET SQL_MODE = "NO_AUTO_VALUE_ON_ZERO";
START TRANSACTION;
SET time_zone = "+00:00";


/*!40101 SET @OLD_CHARACTER_SET_CLIENT=@@CHARACTER_SET_CLIENT */;
/*!40101 SET @OLD_CHARACTER_SET_RESULTS=@@CHARACTER_SET_RESULTS */;
/*!40101 SET @OLD_COLLATION_CONNECTION=@@COLLATION_CONNECTION */;
/*!40101 SET NAMES utf8mb4 */;

--
-- Baza danych: `wiki`
--

-- --------------------------------------------------------

--
-- Struktura tabeli dla tabeli `covid_global`
--

CREATE TABLE `covid_global` (
  `id` int(10) UNSIGNED NOT NULL,
  `date` date NOT NULL DEFAULT current_timestamp(),
  `time` time NOT NULL DEFAULT current_timestamp(),
  `nation_id` int(10) UNSIGNED NOT NULL,
  `infected` int(10) UNSIGNED NOT NULL,
  `dead` int(10) UNSIGNED NOT NULL,
  `recover` int(10) UNSIGNED NOT NULL
) ENGINE=InnoDB DEFAULT CHARSET=utf8mb4;

--
-- Zrzut danych tabeli `covid_global`
--

INSERT INTO `covid_global` (`id`, `date`, `time`, `nation_id`, `infected`, `dead`, `recover`) VALUES
(1, '2020-04-02', '21:56:30', 1, 258, 5, 10),
(2, '2020-04-02', '21:56:30', 2, 277, 16, 76),
(3, '2020-04-02', '21:56:30', 3, 986, 63, 77),
(4, '2020-04-02', '21:56:30', 4, 8, 2, 1),
(5, '2020-04-02', '21:56:30', 5, 7, 0, 0),
(6, '2020-04-02', '21:56:30', 6, 1133, 34, 256),
(7, '2020-04-02', '21:56:30', 7, 663, 5, 33),
(8, '2020-04-02', '21:56:30', 8, 60, 0, 1),
(9, '2020-04-02', '21:56:30', 9, 5137, 25, 520),
(10, '2020-04-02', '21:56:30', 10, 11076, 158, 1749),
(11, '2020-04-02', '21:56:30', 11, 400, 5, 26),
(12, '2020-04-02', '21:56:30', 12, 21, 1, 1),
(13, '2020-04-02', '21:56:30', 13, 635, 4, 341),
(14, '2020-04-02', '21:56:30', 14, 56, 6, 26),
(15, '2020-04-02', '21:56:30', 15, 45, 0, 0),
(16, '2020-04-02', '21:56:30', 16, 304, 4, 58),
(17, '2020-04-02', '21:56:30', 17, 15348, 1011, 2495),
(18, '2020-04-02', '21:56:30', 18, 3, 0, 0),
(19, '2020-04-02', '21:56:30', 19, 13, 0, 1),
(20, '2020-04-02', '21:56:30', 20, 5, 0, 1),
(21, '2020-04-02', '21:56:30', 21, 123, 8, 1),
(22, '2020-04-02', '21:56:30', 22, 532, 16, 20),
(23, '2020-04-02', '21:56:30', 23, 4, 1, 0),
(24, '2020-04-02', '21:56:30', 24, 7031, 252, 127),
(25, '2020-04-02', '21:56:30', 25, 133, 1, 56),
(26, '2020-04-02', '21:56:30', 26, 457, 10, 25),
(27, '2020-04-02', '21:56:30', 27, 288, 16, 50),
(28, '2020-04-02', '21:56:30', 28, 3, 0, 0),
(29, '2020-04-02', '21:56:30', 29, 6, 1, 0),
(30, '2020-04-02', '21:56:30', 30, 110, 0, 34),
(31, '2020-04-02', '21:56:30', 31, 284, 7, 10),
(32, '2020-04-02', '21:56:30', 32, 11068, 134, 1891),
(33, '2020-04-02', '21:56:30', 33, 4, 0, 0),
(34, '2020-04-02', '21:56:30', 34, 7, 0, 0),
(35, '2020-04-02', '21:56:30', 35, 193, 3, 0),
(36, '2020-04-02', '21:56:30', 36, 3404, 18, 335),
(37, '2020-04-02', '21:56:30', 37, 81590, 3318, 76414),
(38, '2020-04-02', '21:56:30', 38, 803, 4, 154),
(39, '2020-04-02', '21:56:30', 39, 41, 0, 10),
(40, '2020-04-02', '21:56:30', 40, 339, 5, 50),
(41, '2020-04-02', '21:56:30', 41, 1065, 17, 39),
(42, '2020-04-02', '21:56:30', 42, 0, 0, 0),
(43, '2020-04-02', '21:56:30', 43, 22, 2, 2),
(44, '2020-04-02', '21:56:30', 44, 375, 2, 4),
(45, '2020-04-02', '21:56:30', 45, 190, 1, 9),
(46, '2020-04-02', '21:56:30', 46, 1011, 7, 88),
(47, '2020-04-02', '21:56:30', 47, 233, 6, 13),
(48, '2020-04-02', '21:56:30', 48, 11, 1, 3),
(49, '2020-04-02', '21:56:30', 49, 356, 10, 28),
(50, '2020-04-02', '21:56:30', 50, 3805, 44, 67),
(51, '2020-04-02', '21:56:30', 51, 0, 0, 0),
(52, '2020-04-02', '21:56:30', 52, 123, 11, 3),
(53, '2020-04-02', '21:56:30', 53, 3386, 123, 1089),
(54, '2020-04-02', '21:56:30', 54, 40, 0, 0),
(55, '2020-04-02', '21:56:30', 55, 1380, 60, 16),
(56, '2020-04-02', '21:56:30', 56, 3163, 120, 65),
(57, '2020-04-02', '21:56:30', 57, 850, 52, 179),
(58, '2020-04-02', '21:56:30', 58, 41, 2, 0),
(59, '2020-04-02', '21:56:30', 59, 15, 0, 1),
(60, '2020-04-02', '21:56:30', 60, 22, 0, 0),
(61, '2020-04-02', '21:56:30', 61, 858, 11, 45),
(62, '2020-04-02', '21:56:30', 62, 9, 0, 1),
(63, '2020-04-02', '21:56:30', 63, 29, 0, 3),
(64, '2020-04-02', '21:56:30', 64, 7, 0, 0),
(65, '2020-04-02', '21:56:30', 65, 1518, 19, 10),
(66, '2020-04-02', '21:56:30', 66, 56989, 4032, 10935),
(67, '2020-04-02', '21:56:30', 67, 51, 0, 15),
(68, '2020-04-02', '21:56:30', 68, 37, 0, 0),
(69, '2020-04-02', '21:56:30', 69, 18, 1, 0),
(70, '2020-04-02', '21:56:30', 70, 4, 1, 2),
(71, '2020-04-02', '21:56:30', 71, 131, 0, 26),
(72, '2020-04-02', '21:56:30', 72, 83726, 1062, 22373),
(73, '2020-04-02', '21:56:30', 73, 204, 5, 31),
(74, '2020-04-02', '21:56:30', 74, 1544, 53, 61),
(75, '2020-04-02', '21:56:30', 75, 10, 0, 0),
(76, '2020-04-02', '21:56:30', 76, 125, 6, 24),
(77, '2020-04-02', '21:56:30', 77, 82, 3, 0),
(78, '2020-04-02', '21:56:30', 78, 47, 1, 12),
(79, '2020-04-02', '21:56:30', 79, 52, 1, 1),
(80, '2020-04-02', '21:56:30', 80, 9, 0, 0),
(81, '2020-04-02', '21:56:30', 81, 19, 4, 0),
(82, '2020-04-02', '21:56:30', 82, 16, 0, 1),
(83, '2020-04-02', '21:56:30', 83, 219, 14, 3),
(84, '2020-04-02', '21:56:30', 84, 585, 21, 42),
(85, '2020-04-02', '21:56:30', 85, 1319, 4, 284),
(86, '2020-04-02', '21:56:30', 86, 2530, 70, 189),
(87, '2020-04-02', '21:56:30', 87, 1790, 170, 112),
(88, '2020-04-02', '21:56:30', 88, 50468, 3160, 16711),
(89, '2020-04-02', '21:56:30', 89, 772, 54, 202),
(90, '2020-04-02', '21:56:30', 90, 3849, 98, 5),
(91, '2020-04-02', '21:56:30', 91, 6808, 35, 289),
(92, '2020-04-02', '21:56:30', 92, 115242, 13915, 18278),
(93, '2020-04-02', '21:56:30', 93, 44, 3, 2),
(94, '2020-04-02', '21:56:30', 94, 2769, 72, 505),
(95, '2020-04-02', '21:56:30', 95, 299, 5, 45),
(96, '2020-04-02', '21:56:30', 96, 423, 3, 27),
(97, '2020-04-02', '21:56:30', 97, 110, 3, 4),
(98, '2020-04-02', '21:56:30', 98, 0, 0, 0),
(99, '2020-04-02', '21:56:30', 99, 342, 0, 81),
(100, '2020-04-02', '21:56:30', 100, 116, 0, 5),
(101, '2020-04-02', '21:56:30', 101, 10, 0, 0),
(102, '2020-04-02', '21:56:30', 102, 458, 0, 30),
(103, '2020-04-02', '21:56:30', 103, 494, 16, 46),
(104, '2020-04-02', '21:56:30', 104, 0, 0, 0),
(105, '2020-04-02', '21:56:30', 105, 6, 0, 0),
(106, '2020-04-02', '21:56:30', 106, 10, 0, 1),
(107, '2020-04-02', '21:56:30', 107, 649, 9, 7),
(108, '2020-04-02', '21:56:30', 108, 2487, 30, 80),
(109, '2020-04-02', '21:56:30', 109, 59, 0, 0),
(110, '2020-04-02', '21:56:30', 110, 3, 0, 0),
(111, '2020-04-02', '21:56:30', 111, 3116, 50, 767),
(112, '2020-04-02', '21:56:30', 112, 19, 0, 13),
(113, '2020-04-02', '21:56:30', 113, 36, 3, 0),
(114, '2020-04-02', '21:56:30', 114, 196, 0, 2),
(115, '2020-04-02', '21:56:30', 115, 135, 3, 27),
(116, '2020-04-02', '21:56:30', 116, 6, 1, 2),
(117, '2020-04-02', '21:56:30', 117, 169, 7, 0),
(118, '2020-04-02', '21:56:30', 118, 116, 1, 10),
(119, '2020-04-02', '21:56:30', 119, 1378, 37, 41),
(121, '2020-04-02', '21:56:30', 121, 14, 0, 2),
(122, '2020-04-02', '21:56:30', 122, 144, 2, 0),
(123, '2020-04-02', '21:56:30', 123, 691, 44, 30),
(124, '2020-04-02', '21:56:30', 124, 10, 0, 0),
(125, '2020-04-02', '21:56:30', 125, 20, 1, 0),
(126, '2020-04-02', '21:56:30', 126, 14, 0, 2),
(127, '2020-04-02', '21:56:30', 127, 6, 0, 1),
(128, '2020-04-02', '21:56:30', 128, 14697, 1339, 250),
(129, '2020-04-02', '21:56:30', 129, 18, 0, 1),
(130, '2020-04-02', '21:56:30', 130, 797, 1, 92),
(131, '2020-04-02', '21:56:30', 131, 5, 1, 0),
(132, '2020-04-02', '21:56:30', 132, 74, 5, 0),
(133, '2020-04-02', '21:56:30', 133, 174, 2, 9),
(134, '2020-04-02', '21:56:30', 134, 384, 11, 17),
(135, '2020-04-02', '21:56:30', 135, 5128, 50, 32),
(136, '2020-04-02', '21:56:30', 136, 231, 1, 57),
(137, '2020-04-02', '21:56:30', 137, 2386, 33, 107),
(138, '2020-04-02', '21:56:30', 138, 1317, 32, 9),
(139, '2020-04-02', '21:56:30', 139, 1, 0, 0),
(140, '2020-04-02', '21:56:30', 140, 77, 3, 2),
(141, '2020-04-02', '21:56:30', 141, 1323, 47, 447),
(142, '2020-04-02', '21:56:30', 142, 2633, 107, 51),
(143, '2020-04-02', '21:56:30', 143, 2692, 51, 56),
(144, '2020-04-02', '21:56:30', 144, 9034, 209, 68),
(145, '2020-04-02', '21:56:30', 145, 316, 11, 2),
(146, '2020-04-02', '21:56:30', 146, 835, 2, 71),
(147, '2020-04-02', '21:56:30', 147, 9976, 173, 5828),
(148, '2020-04-02', '21:56:30', 148, 505, 6, 23),
(149, '2020-04-02', '21:56:30', 149, 308, 0, 40),
(150, '2020-04-02', '21:56:30', 150, 2738, 107, 267),
(151, '2020-04-02', '21:56:30', 151, 3548, 30, 235),
(152, '2020-04-02', '21:56:30', 152, 82, 0, 0),
(153, '2020-04-02', '21:56:30', 153, 13, 0, 1),
(154, '2020-04-02', '21:56:30', 154, 2, 0, 1),
(155, '2020-04-02', '21:56:30', 155, 0, 0, 0),
(156, '2020-04-02', '21:56:30', 156, 0, 0, 0),
(157, '2020-04-02', '21:56:30', 157, 1885, 21, 328),
(158, '2020-04-02', '21:56:30', 158, 195, 1, 55),
(159, '2020-04-02', '21:56:30', 159, 1171, 31, 42),
(160, '2020-04-02', '21:56:30', 160, 10, 0, 0),
(161, '2020-04-02', '21:56:30', 161, 2, 0, 0),
(162, '2020-04-02', '21:56:30', 162, 1049, 4, 266),
(163, '2020-04-02', '21:56:30', 163, 426, 1, 2),
(164, '2020-04-02', '21:56:30', 164, 897, 17, 70),
(165, '2020-04-02', '21:56:30', 165, 0, 0, 0),
(166, '2020-04-02', '21:56:30', 166, 5, 0, 1),
(167, '2020-04-02', '21:56:30', 167, 1380, 5, 50),
(168, '2020-04-02', '21:56:30', 168, 0, 0, 0),
(169, '2020-04-02', '21:56:30', 169, 110238, 10096, 26743),
(170, '2020-04-02', '21:56:30', 170, 151, 4, 21),
(171, '2020-04-02', '21:56:30', 171, 160, 1, 18),
(172, '2020-04-02', '21:56:30', 172, 8, 2, 2),
(173, '2020-04-02', '21:56:30', 173, 10, 0, 0),
(174, '2020-04-02', '21:56:30', 174, 5466, 282, 103),
(175, '2020-04-02', '21:56:30', 175, 18475, 522, 4013),
(176, '2020-04-02', '21:56:30', 176, 16, 2, 0),
(177, '2020-04-02', '21:56:30', 177, 0, 0, 0),
(178, '2020-04-02', '21:56:30', 178, 1875, 15, 505),
(179, '2020-04-02', '21:56:30', 179, 1, 0, 0),
(180, '2020-04-02', '21:56:30', 180, 39, 2, 17),
(181, '2020-04-02', '21:56:30', 181, 0, 0, 0),
(182, '2020-04-02', '21:56:30', 182, 90, 5, 1),
(183, '2020-04-02', '21:56:30', 183, 455, 14, 5),
(184, '2020-04-02', '21:56:30', 184, 18135, 356, 415),
(185, '2020-04-02', '21:56:30', 185, 0, 0, 0),
(186, '2020-04-02', '21:56:30', 186, 44, 0, 0),
(187, '2020-04-02', '21:56:30', 187, 804, 20, 13),
(188, '2020-04-02', '21:56:30', 188, 814, 8, 61),
(189, '2020-04-02', '21:56:30', 189, 33718, 2921, 135),
(190, '2020-04-02', '21:56:30', 190, 20, 1, 2),
(191, '2020-04-02', '21:56:30', 191, 236036, 5777, 10304),
(192, '2020-04-02', '21:56:30', 192, 30, 0, 0),
(193, '2020-04-02', '21:56:30', 193, 350, 4, 62),
(194, '2020-04-02', '21:56:30', 194, 190, 2, 25),
(195, '2020-04-02', '21:56:30', 195, 0, 0, 0),
(196, '2020-04-02', '21:56:30', 196, 144, 3, 43),
(197, '2020-04-02', '21:56:30', 197, 227, 0, 76),
(198, '2020-04-02', '21:56:30', 198, 0, 0, 0),
(199, '2020-04-02', '21:56:30', 199, 0, 0, 0),
(200, '2020-04-02', '21:56:30', 200, 39, 1, 0),
(201, '2020-04-02', '21:56:30', 201, 8, 1, 0),
(202, '2020-04-02', '21:56:30', 202, 721, 13, 619),
(203, '2020-04-02', '21:56:30', 203, 245, 30, 21),
(204, '2020-04-02', '21:56:30', 204, 60, 1, 2),
(205, '2020-04-02', '21:56:30', 205, 428, 15, 14),
(206, '2020-04-02', '21:56:30', 206, 75, 0, 0),
(207, '2020-04-02', '21:56:30', 207, 177, 0, 81),
(208, '2020-04-02', '21:56:30', 208, 88, 0, 46),
(209, '2020-04-02', '21:56:30', 209, 6, 0, 0),
(210, '2020-04-02', '21:56:30', 210, 6, 0, 1),
(211, '2020-04-02', '21:56:30', 211, 22, 1, 2),
(212, '2020-04-02', '21:56:30', 212, 22, 1, 0),
(213, '2020-04-02', '21:56:30', 213, 0, 0, 0),
(214, '2020-04-02', '21:56:30', 214, 10, 0, 2),
(215, '2020-04-02', '21:56:30', 215, 5, 0, 0),
(216, '2020-04-02', '21:56:30', 216, 16, 1, 6),
(217, '2020-04-02', '21:56:30', 217, 32, 0, 10),
(218, '2020-04-02', '21:56:30', 218, 95, 1, 0),
(219, '2020-04-02', '21:56:30', 219, 12, 0, 0),
(220, '2020-04-02', '21:56:30', 220, 6, 0, 0),
(221, '2020-04-02', '21:56:30', 221, 3, 0, 0),
(222, '2020-04-02', '21:56:30', 222, 8, 0, 0),
(223, '2020-04-02', '21:56:30', 223, 3, 0, 0),
(224, '2020-04-02', '21:56:30', 224, 6, 0, 0),
(450, '2020-04-03', '22:17:25', 1, 281, 7, 11),
(451, '2020-04-03', '22:17:25', 2, 304, 17, 89),
(452, '2020-04-03', '22:17:25', 3, 1171, 105, 62),
(453, '2020-04-03', '22:17:25', 4, 8, 2, 1),
(454, '2020-04-03', '22:17:25', 5, 9, 0, 0),
(455, '2020-04-03', '22:17:25', 6, 1265, 39, 266),
(456, '2020-04-03', '22:17:25', 7, 736, 7, 43),
(457, '2020-04-03', '22:17:25', 8, 62, 0, 1),
(458, '2020-04-03', '22:17:25', 9, 5350, 28, 649),
(459, '2020-04-03', '22:17:25', 10, 11524, 168, 2022),
(460, '2020-04-03', '22:17:25', 11, 443, 5, 32),
(461, '2020-04-03', '22:17:25', 12, 24, 1, 1),
(462, '2020-04-03', '22:17:25', 13, 673, 4, 388),
(463, '2020-04-03', '22:17:26', 14, 61, 6, 26),
(464, '2020-04-03', '22:17:26', 15, 51, 0, 0),
(465, '2020-04-03', '22:17:26', 16, 351, 4, 58),
(466, '2020-04-03', '22:17:26', 17, 16770, 1143, 2872),
(467, '2020-04-03', '22:17:26', 18, 4, 0, 0),
(468, '2020-04-03', '22:17:26', 19, 16, 0, 2),
(469, '2020-04-03', '22:17:26', 20, 5, 0, 2),
(470, '2020-04-03', '22:17:26', 21, 132, 9, 1),
(471, '2020-04-03', '22:17:26', 22, 579, 17, 27),
(472, '2020-04-03', '22:17:26', 23, 4, 1, 0),
(473, '2020-04-03', '22:17:26', 24, 9056, 359, 127),
(474, '2020-04-03', '22:17:26', 25, 134, 2, 65),
(475, '2020-04-03', '22:17:26', 26, 485, 14, 30),
(476, '2020-04-03', '22:17:26', 27, 302, 16, 50),
(477, '2020-04-03', '22:17:26', 28, 3, 0, 0),
(478, '2020-04-03', '22:17:26', 29, 6, 1, 0),
(479, '2020-04-03', '22:17:26', 30, 114, 0, 35),
(480, '2020-04-03', '22:17:26', 31, 509, 8, 17),
(481, '2020-04-03', '22:17:26', 32, 12389, 208, 2189),
(482, '2020-04-03', '22:17:26', 33, 8, 0, 0),
(483, '2020-04-03', '22:17:26', 34, 8, 0, 0),
(484, '2020-04-03', '22:17:26', 35, 232, 4, 13),
(485, '2020-04-03', '22:17:26', 36, 3737, 22, 427),
(486, '2020-04-03', '22:17:26', 37, 81623, 3322, 76577),
(487, '2020-04-03', '22:17:26', 38, 846, 4, 173),
(488, '2020-04-03', '22:17:26', 39, 43, 0, 10),
(489, '2020-04-03', '22:17:26', 40, 348, 5, 50),
(490, '2020-04-03', '22:17:26', 41, 1267, 25, 55),
(491, '2020-04-03', '22:17:26', 42, 0, 0, 0),
(492, '2020-04-03', '22:17:26', 43, 22, 2, 2),
(493, '2020-04-03', '22:17:26', 44, 416, 2, 11),
(494, '2020-04-03', '22:17:26', 45, 218, 1, 19),
(495, '2020-04-03', '22:17:26', 46, 1079, 8, 92),
(496, '2020-04-03', '22:17:26', 47, 269, 6, 15),
(497, '2020-04-03', '22:17:26', 48, 11, 1, 3),
(498, '2020-04-03', '22:17:26', 49, 396, 13, 28),
(499, '2020-04-03', '22:17:26', 50, 4091, 53, 72),
(500, '2020-04-03', '22:17:26', 51, 0, 0, 0),
(501, '2020-04-03', '22:17:26', 52, 134, 13, 3),
(502, '2020-04-03', '22:17:26', 53, 3757, 139, 1193),
(503, '2020-04-03', '22:17:26', 54, 49, 0, 8),
(504, '2020-04-03', '22:17:26', 55, 1488, 68, 16),
(505, '2020-04-03', '22:17:26', 56, 3368, 145, 71),
(506, '2020-04-03', '22:17:26', 57, 985, 66, 216),
(507, '2020-04-03', '22:17:26', 58, 46, 2, 0),
(508, '2020-04-03', '22:17:26', 59, 16, 0, 1),
(509, '2020-04-03', '22:17:26', 60, 22, 0, 0),
(510, '2020-04-03', '22:17:26', 61, 961, 12, 48),
(511, '2020-04-03', '22:17:26', 62, 9, 0, 1),
(512, '2020-04-03', '22:17:26', 63, 35, 0, 3),
(513, '2020-04-03', '22:17:26', 64, 7, 0, 0),
(514, '2020-04-03', '22:17:26', 65, 1637, 20, 10),
(515, '2020-04-03', '22:17:26', 66, 64338, 6507, 14008),
(516, '2020-04-03', '22:17:26', 67, 57, 0, 22),
(517, '2020-04-03', '22:17:26', 68, 39, 0, 0),
(518, '2020-04-03', '22:17:26', 69, 21, 1, 1),
(519, '2020-04-03', '22:17:26', 70, 4, 1, 2),
(520, '2020-04-03', '22:17:26', 71, 155, 0, 28),
(521, '2020-04-03', '22:17:26', 72, 91027, 1276, 26888),
(522, '2020-04-03', '22:17:26', 73, 205, 5, 31),
(523, '2020-04-03', '22:17:26', 74, 1613, 63, 78),
(524, '2020-04-03', '22:17:26', 75, 12, 0, 0),
(525, '2020-04-03', '22:17:26', 76, 130, 7, 24),
(526, '2020-04-03', '22:17:26', 77, 82, 3, 0),
(527, '2020-04-03', '22:17:26', 78, 50, 1, 12),
(528, '2020-04-03', '22:17:26', 79, 73, 1, 2),
(529, '2020-04-03', '22:17:26', 80, 15, 0, 0),
(530, '2020-04-03', '22:17:26', 81, 23, 4, 0),
(531, '2020-04-03', '22:17:26', 82, 18, 0, 1),
(532, '2020-04-03', '22:17:26', 83, 222, 15, 3),
(533, '2020-04-03', '22:17:26', 84, 623, 26, 43),
(534, '2020-04-03', '22:17:26', 85, 1364, 4, 336),
(535, '2020-04-03', '22:17:26', 86, 3108, 86, 229),
(536, '2020-04-03', '22:17:26', 87, 1986, 181, 134),
(537, '2020-04-03', '22:17:26', 88, 53183, 3294, 17935),
(538, '2020-04-03', '22:17:26', 89, 820, 54, 226),
(539, '2020-04-03', '22:17:26', 90, 4273, 120, 5),
(540, '2020-04-03', '22:17:26', 91, 7428, 40, 403),
(541, '2020-04-03', '22:17:26', 92, 119827, 14681, 19758),
(542, '2020-04-03', '22:17:26', 93, 47, 3, 2),
(543, '2020-04-03', '22:17:26', 94, 3129, 77, 514),
(544, '2020-04-03', '22:17:26', 95, 310, 5, 58),
(545, '2020-04-03', '22:17:26', 96, 464, 6, 29),
(546, '2020-04-03', '22:17:26', 97, 122, 4, 4),
(547, '2020-04-03', '22:17:26', 98, 0, 0, 0),
(548, '2020-04-03', '22:17:26', 99, 417, 0, 82),
(549, '2020-04-03', '22:17:26', 100, 130, 1, 6),
(550, '2020-04-03', '22:17:26', 101, 10, 0, 0),
(551, '2020-04-03', '22:17:26', 102, 493, 1, 30),
(552, '2020-04-03', '22:17:26', 103, 508, 17, 50),
(553, '2020-04-03', '22:17:26', 104, 0, 0, 0),
(554, '2020-04-03', '22:17:26', 105, 7, 0, 0),
(555, '2020-04-03', '22:17:26', 106, 11, 1, 1),
(556, '2020-04-03', '22:17:26', 107, 696, 9, 7),
(557, '2020-04-03', '22:17:26', 108, 2612, 31, 500),
(558, '2020-04-03', '22:17:26', 109, 70, 0, 0),
(559, '2020-04-03', '22:17:26', 110, 3, 0, 0),
(560, '2020-04-03', '22:17:26', 111, 3333, 53, 827),
(561, '2020-04-03', '22:17:26', 112, 19, 0, 13),
(562, '2020-04-03', '22:17:26', 113, 39, 3, 0),
(563, '2020-04-03', '22:17:26', 114, 202, 0, 2),
(564, '2020-04-03', '22:17:26', 115, 143, 3, 27),
(565, '2020-04-03', '22:17:26', 116, 6, 1, 2),
(566, '2020-04-03', '22:17:26', 117, 186, 7, 0),
(567, '2020-04-03', '22:17:26', 118, 128, 2, 10),
(568, '2020-04-03', '22:17:26', 119, 1510, 50, 633),
(569, '2020-04-03', '22:17:26', 256, 0, 0, 0),
(570, '2020-04-03', '22:17:26', 121, 14, 0, 2),
(571, '2020-04-03', '22:17:26', 122, 174, 2, 1),
(572, '2020-04-03', '22:17:26', 123, 791, 48, 57),
(573, '2020-04-03', '22:17:26', 124, 10, 0, 0),
(574, '2020-04-03', '22:17:26', 125, 20, 1, 0),
(575, '2020-04-03', '22:17:26', 126, 14, 0, 3),
(576, '2020-04-03', '22:17:26', 127, 6, 0, 1),
(577, '2020-04-03', '22:17:26', 128, 15723, 1487, 250),
(578, '2020-04-03', '22:17:26', 129, 18, 0, 1),
(579, '2020-04-03', '22:17:26', 130, 868, 1, 103),
(580, '2020-04-03', '22:17:26', 131, 5, 1, 0),
(581, '2020-04-03', '22:17:26', 132, 120, 5, 0),
(582, '2020-04-03', '22:17:26', 133, 210, 4, 25),
(583, '2020-04-03', '22:17:26', 134, 430, 12, 20),
(584, '2020-04-03', '22:17:26', 135, 5373, 59, 32),
(585, '2020-04-03', '22:17:26', 136, 252, 1, 57),
(586, '2020-04-03', '22:17:26', 137, 2686, 40, 126),
(587, '2020-04-03', '22:17:26', 138, 1475, 37, 10),
(588, '2020-04-03', '22:17:26', 139, 1, 0, 0),
(589, '2020-04-03', '22:17:26', 140, 92, 3, 6),
(590, '2020-04-03', '22:17:26', 141, 1595, 61, 537),
(591, '2020-04-03', '22:17:26', 142, 3018, 136, 52),
(592, '2020-04-03', '22:17:26', 143, 3383, 71, 56),
(593, '2020-04-03', '22:17:26', 144, 9886, 246, 68),
(594, '2020-04-03', '22:17:26', 145, 378, 15, 2),
(595, '2020-04-03', '22:17:26', 146, 1075, 3, 93),
(596, '2020-04-03', '22:17:26', 147, 10062, 174, 6021),
(597, '2020-04-03', '22:17:26', 148, 591, 8, 26),
(598, '2020-04-03', '22:17:26', 149, 321, 0, 40),
(599, '2020-04-03', '22:17:26', 150, 3183, 133, 283),
(600, '2020-04-03', '22:17:26', 151, 4149, 34, 281),
(601, '2020-04-03', '22:17:26', 152, 89, 0, 0),
(602, '2020-04-03', '22:17:26', 153, 13, 0, 1),
(603, '2020-04-03', '22:17:26', 154, 7, 0, 1),
(604, '2020-04-03', '22:17:26', 155, 0, 0, 0),
(605, '2020-04-03', '22:17:26', 156, 0, 0, 0),
(606, '2020-04-03', '22:17:26', 157, 2039, 25, 351),
(607, '2020-04-03', '22:17:26', 158, 207, 1, 66),
(608, '2020-04-03', '22:17:26', 159, 1476, 39, 54),
(609, '2020-04-03', '22:17:26', 160, 10, 0, 0),
(610, '2020-04-03', '22:17:26', 161, 2, 0, 0),
(611, '2020-04-03', '22:17:26', 162, 1114, 5, 282),
(612, '2020-04-03', '22:17:26', 163, 450, 1, 10),
(613, '2020-04-03', '22:17:26', 164, 934, 20, 70),
(614, '2020-04-03', '22:17:26', 165, 0, 0, 0),
(615, '2020-04-03', '22:17:26', 166, 7, 0, 1),
(616, '2020-04-03', '22:17:26', 167, 1505, 9, 95),
(617, '2020-04-03', '22:17:26', 168, 0, 0, 0),
(618, '2020-04-03', '22:17:26', 169, 119199, 11198, 30513),
(619, '2020-04-03', '22:17:26', 170, 159, 4, 24),
(620, '2020-04-03', '22:17:26', 171, 194, 1, 21),
(621, '2020-04-03', '22:17:26', 172, 10, 2, 2),
(622, '2020-04-03', '22:17:26', 173, 10, 1, 0),
(623, '2020-04-03', '22:17:26', 174, 6131, 358, 205),
(624, '2020-04-03', '22:17:26', 175, 19702, 604, 5657),
(625, '2020-04-03', '22:17:26', 176, 16, 2, 0),
(626, '2020-04-03', '22:17:26', 177, 0, 0, 0),
(627, '2020-04-03', '22:17:26', 178, 1978, 19, 612),
(628, '2020-04-03', '22:17:26', 179, 1, 0, 0),
(629, '2020-04-03', '22:17:26', 180, 40, 3, 17),
(630, '2020-04-03', '22:17:26', 181, 0, 0, 0),
(631, '2020-04-03', '22:17:26', 182, 98, 6, 1),
(632, '2020-04-03', '22:17:26', 183, 495, 18, 5),
(633, '2020-04-03', '22:17:26', 184, 20921, 425, 484),
(634, '2020-04-03', '22:17:26', 185, 0, 0, 0),
(635, '2020-04-03', '22:17:26', 186, 48, 0, 0),
(636, '2020-04-03', '22:17:26', 187, 1072, 27, 22),
(637, '2020-04-03', '22:17:26', 188, 1264, 9, 108),
(638, '2020-04-03', '22:17:26', 189, 38168, 3605, 135),
(639, '2020-04-03', '22:17:26', 190, 20, 1, 3),
(640, '2020-04-03', '22:17:26', 191, 274987, 7084, 12044),
(641, '2020-04-03', '22:17:26', 192, 37, 0, 0),
(642, '2020-04-03', '22:17:26', 193, 369, 4, 68),
(643, '2020-04-03', '22:17:26', 194, 227, 2, 25),
(644, '2020-04-03', '22:17:26', 195, 0, 0, 0),
(645, '2020-04-03', '22:17:26', 196, 146, 5, 43),
(646, '2020-04-03', '22:17:26', 197, 237, 0, 85),
(647, '2020-04-03', '22:17:26', 198, 0, 0, 0),
(648, '2020-04-03', '22:17:26', 199, 0, 0, 0),
(649, '2020-04-03', '22:17:26', 200, 39, 1, 2),
(650, '2020-04-03', '22:17:26', 201, 9, 1, 0),
(651, '2020-04-03', '22:17:26', 202, 721, 13, 619),
(652, '2020-04-03', '22:17:26', 203, 251, 32, 26),
(653, '2020-04-03', '22:17:26', 204, 64, 1, 3),
(654, '2020-04-03', '22:17:26', 205, 439, 16, 16),
(655, '2020-04-03', '22:17:26', 206, 75, 0, 0),
(656, '2020-04-03', '22:17:26', 207, 179, 0, 91),
(657, '2020-04-03', '22:17:26', 208, 95, 0, 46),
(658, '2020-04-03', '22:17:26', 209, 7, 0, 0),
(659, '2020-04-03', '22:17:26', 210, 6, 0, 1),
(660, '2020-04-03', '22:17:26', 211, 22, 1, 2),
(661, '2020-04-03', '22:17:26', 212, 28, 1, 0),
(662, '2020-04-03', '22:17:26', 213, 0, 0, 0),
(663, '2020-04-03', '22:17:26', 214, 10, 0, 3),
(664, '2020-04-03', '22:17:26', 215, 6, 0, 0),
(665, '2020-04-03', '22:17:26', 216, 23, 2, 6),
(666, '2020-04-03', '22:17:26', 217, 35, 0, 14),
(667, '2020-04-03', '22:17:26', 218, 114, 1, 0),
(668, '2020-04-03', '22:17:26', 219, 12, 0, 0),
(669, '2020-04-03', '22:17:26', 220, 6, 0, 0),
(670, '2020-04-03', '22:17:26', 221, 3, 0, 0),
(671, '2020-04-03', '22:17:26', 222, 9, 0, 0),
(672, '2020-04-03', '22:17:26', 223, 3, 0, 0),
(673, '2020-04-03', '22:17:26', 224, 6, 0, 0),
(1346, '2020-04-04', '23:49:33', 1, 299, 7, 13),
(1347, '2020-04-04', '23:49:33', 2, 333, 19, 99),
(1348, '2020-04-04', '23:49:33', 3, 1251, 130, 90),
(1349, '2020-04-04', '23:49:33', 4, 10, 2, 2),
(1350, '2020-04-04', '23:49:33', 5, 15, 0, 0),
(1351, '2020-04-04', '23:49:33', 6, 1353, 42, 279),
(1352, '2020-04-04', '23:49:33', 7, 770, 7, 43),
(1353, '2020-04-04', '23:49:33', 8, 64, 0, 1),
(1354, '2020-04-04', '23:49:33', 9, 5550, 30, 701),
(1355, '2020-04-04', '23:49:33', 10, 11781, 186, 2507),
(1356, '2020-04-04', '23:49:33', 11, 521, 5, 32),
(1357, '2020-04-04', '23:49:33', 12, 24, 3, 1),
(1358, '2020-04-04', '23:49:33', 13, 688, 4, 423),
(1359, '2020-04-04', '23:49:33', 14, 70, 8, 30),
(1360, '2020-04-04', '23:49:33', 15, 52, 0, 0),
(1361, '2020-04-04', '23:49:33', 16, 440, 5, 58),
(1362, '2020-04-04', '23:49:33', 17, 18431, 1283, 3247),
(1363, '2020-04-04', '23:49:33', 18, 4, 0, 0),
(1364, '2020-04-04', '23:49:33', 19, 16, 0, 2),
(1365, '2020-04-04', '23:49:33', 20, 5, 0, 2),
(1366, '2020-04-04', '23:49:33', 21, 139, 10, 2),
(1367, '2020-04-04', '23:49:33', 22, 624, 21, 30),
(1368, '2020-04-04', '23:49:33', 23, 4, 1, 0),
(1369, '2020-04-04', '23:49:33', 24, 10278, 431, 127),
(1370, '2020-04-04', '23:49:33', 25, 135, 2, 66),
(1371, '2020-04-04', '23:49:33', 26, 503, 17, 34),
(1372, '2020-04-04', '23:49:33', 27, 318, 16, 66),
(1373, '2020-04-04', '23:49:33', 28, 3, 0, 0),
(1374, '2020-04-04', '23:49:33', 29, 7, 1, 0),
(1375, '2020-04-04', '23:49:33', 30, 114, 0, 50),
(1376, '2020-04-04', '23:49:33', 31, 555, 9, 17),
(1377, '2020-04-04', '23:49:33', 32, 13912, 231, 2595),
(1378, '2020-04-04', '23:49:33', 33, 8, 0, 0),
(1379, '2020-04-04', '23:49:33', 34, 9, 0, 0),
(1380, '2020-04-04', '23:49:33', 35, 262, 5, 13),
(1381, '2020-04-04', '23:49:33', 36, 4161, 27, 528),
(1382, '2020-04-04', '23:49:33', 37, 81639, 3326, 76763),
(1383, '2020-04-04', '23:49:33', 38, 863, 4, 186),
(1384, '2020-04-04', '23:49:33', 39, 43, 0, 10),
(1385, '2020-04-04', '23:49:33', 40, 355, 5, 50),
(1386, '2020-04-04', '23:49:33', 41, 1406, 32, 85),
(1387, '2020-04-04', '23:49:33', 42, 0, 0, 0),
(1388, '2020-04-04', '23:49:33', 43, 22, 2, 2),
(1389, '2020-04-04', '23:49:33', 44, 435, 2, 13),
(1390, '2020-04-04', '23:49:33', 45, 245, 1, 25),
(1391, '2020-04-04', '23:49:33', 46, 1126, 12, 119),
(1392, '2020-04-04', '23:49:33', 47, 288, 6, 15),
(1393, '2020-04-04', '23:49:33', 48, 11, 1, 5),
(1394, '2020-04-04', '23:49:33', 49, 426, 13, 33),
(1395, '2020-04-04', '23:49:33', 50, 4362, 59, 78),
(1396, '2020-04-04', '23:49:33', 51, 0, 0, 0),
(1397, '2020-04-04', '23:49:33', 52, 148, 16, 3),
(1398, '2020-04-04', '23:49:33', 53, 4077, 161, 1283),
(1399, '2020-04-04', '23:49:33', 54, 50, 0, 8),
(1400, '2020-04-04', '23:49:33', 55, 1488, 68, 16),
(1401, '2020-04-04', '23:49:33', 56, 3465, 172, 100),
(1402, '2020-04-04', '23:49:33', 57, 1070, 71, 241),
(1403, '2020-04-04', '23:49:33', 58, 56, 3, 2),
(1404, '2020-04-04', '23:49:33', 59, 16, 0, 1),
(1405, '2020-04-04', '23:49:33', 60, 29, 0, 0),
(1406, '2020-04-04', '23:49:33', 61, 1039, 13, 59),
(1407, '2020-04-04', '23:49:33', 62, 9, 0, 1),
(1408, '2020-04-04', '23:49:33', 63, 38, 0, 4),
(1409, '2020-04-04', '23:49:33', 64, 12, 0, 0),
(1410, '2020-04-04', '23:49:33', 65, 1882, 25, 10),
(1411, '2020-04-04', '23:49:33', 66, 89953, 7560, 15438),
(1412, '2020-04-04', '23:49:33', 67, 57, 0, 22),
(1413, '2020-04-04', '23:49:33', 68, 40, 0, 0),
(1414, '2020-04-04', '23:49:33', 69, 21, 1, 1),
(1415, '2020-04-04', '23:49:33', 70, 4, 1, 2),
(1416, '2020-04-04', '23:49:33', 71, 162, 1, 36),
(1417, '2020-04-04', '23:49:33', 72, 95651, 1404, 28910),
(1418, '2020-04-04', '23:49:33', 73, 205, 5, 31),
(1419, '2020-04-04', '23:49:33', 74, 1673, 68, 78),
(1420, '2020-04-04', '23:49:33', 75, 12, 0, 0),
(1421, '2020-04-04', '23:49:33', 76, 134, 7, 24),
(1422, '2020-04-04', '23:49:33', 77, 93, 4, 0),
(1423, '2020-04-04', '23:49:33', 78, 57, 2, 15),
(1424, '2020-04-04', '23:49:33', 79, 111, 1, 5),
(1425, '2020-04-04', '23:49:33', 80, 18, 0, 0),
(1426, '2020-04-04', '23:49:33', 81, 23, 4, 0),
(1427, '2020-04-04', '23:49:33', 82, 20, 0, 1),
(1428, '2020-04-04', '23:49:33', 83, 264, 15, 3),
(1429, '2020-04-04', '23:49:33', 84, 678, 32, 58),
(1430, '2020-04-04', '23:49:33', 85, 1417, 4, 396),
(1431, '2020-04-04', '23:49:33', 86, 3671, 99, 283),
(1432, '2020-04-04', '23:49:33', 87, 2092, 191, 150),
(1433, '2020-04-04', '23:49:33', 88, 55743, 3452, 19736),
(1434, '2020-04-04', '23:49:33', 89, 878, 56, 259),
(1435, '2020-04-04', '23:49:33', 90, 4604, 137, 25),
(1436, '2020-04-04', '23:49:33', 91, 7851, 44, 427),
(1437, '2020-04-04', '23:49:33', 92, 124632, 15362, 20996),
(1438, '2020-04-04', '23:49:33', 93, 53, 3, 7),
(1439, '2020-04-04', '23:49:33', 94, 3500, 84, 514),
(1440, '2020-04-04', '23:49:33', 95, 323, 5, 74),
(1441, '2020-04-04', '23:49:33', 96, 531, 5, 36),
(1442, '2020-04-04', '23:49:33', 97, 126, 4, 4),
(1443, '2020-04-04', '23:49:33', 98, 0, 0, 0),
(1444, '2020-04-04', '23:49:33', 99, 479, 1, 93),
(1445, '2020-04-04', '23:49:33', 100, 144, 1, 9),
(1446, '2020-04-04', '23:49:33', 101, 10, 0, 0),
(1447, '2020-04-04', '23:49:33', 102, 509, 1, 30),
(1448, '2020-04-04', '23:49:33', 103, 520, 17, 54),
(1449, '2020-04-04', '23:49:33', 104, 0, 0, 0),
(1450, '2020-04-04', '23:49:33', 105, 10, 1, 3),
(1451, '2020-04-04', '23:49:33', 106, 17, 1, 1),
(1452, '2020-04-04', '23:49:33', 107, 771, 11, 7),
(1453, '2020-04-04', '23:49:33', 108, 2729, 31, 500),
(1454, '2020-04-04', '23:49:33', 109, 70, 0, 0),
(1455, '2020-04-04', '23:49:33', 110, 4, 0, 0),
(1456, '2020-04-04', '23:49:33', 111, 3483, 57, 915),
(1457, '2020-04-04', '23:49:33', 112, 19, 0, 13),
(1458, '2020-04-04', '23:49:33', 113, 41, 3, 1),
(1459, '2020-04-04', '23:49:33', 114, 213, 0, 2),
(1460, '2020-04-04', '23:49:33', 115, 143, 3, 27),
(1461, '2020-04-04', '23:49:33', 116, 6, 1, 2),
(1462, '2020-04-04', '23:49:33', 117, 196, 7, 7),
(1463, '2020-04-04', '23:49:33', 118, 134, 2, 14),
(1464, '2020-04-04', '23:49:33', 119, 1688, 60, 721),
(1465, '2020-04-04', '23:49:33', 256, 0, 0, 0),
(1466, '2020-04-04', '23:49:33', 121, 14, 0, 2),
(1467, '2020-04-04', '23:49:33', 122, 201, 2, 1),
(1468, '2020-04-04', '23:49:33', 123, 919, 59, 66),
(1469, '2020-04-04', '23:49:33', 124, 10, 0, 1),
(1470, '2020-04-04', '23:49:33', 125, 21, 1, 0),
(1471, '2020-04-04', '23:49:33', 126, 14, 0, 3),
(1472, '2020-04-04', '23:49:33', 127, 9, 0, 1),
(1473, '2020-04-04', '23:49:33', 128, 16627, 1651, 250),
(1474, '2020-04-04', '23:49:33', 129, 18, 0, 1),
(1475, '2020-04-04', '23:49:33', 130, 950, 1, 127),
(1476, '2020-04-04', '23:49:33', 131, 5, 1, 0),
(1477, '2020-04-04', '23:49:33', 132, 144, 8, 0),
(1478, '2020-04-04', '23:49:33', 133, 214, 4, 25),
(1479, '2020-04-04', '23:49:33', 134, 483, 17, 20),
(1480, '2020-04-04', '23:49:33', 135, 5553, 62, 32),
(1481, '2020-04-04', '23:49:33', 136, 299, 2, 61),
(1482, '2020-04-04', '23:49:33', 137, 2818, 41, 131),
(1483, '2020-04-04', '23:49:33', 138, 1673, 41, 13),
(1484, '2020-04-04', '23:49:33', 139, 1, 0, 0),
(1485, '2020-04-04', '23:49:33', 140, 96, 3, 12),
(1486, '2020-04-04', '23:49:33', 141, 1746, 73, 914),
(1487, '2020-04-04', '23:49:33', 142, 3094, 144, 57),
(1488, '2020-04-04', '23:49:33', 143, 3627, 79, 116),
(1489, '2020-04-04', '23:49:33', 144, 10524, 266, 75),
(1490, '2020-04-04', '23:49:33', 145, 452, 18, 2),
(1491, '2020-04-04', '23:49:33', 146, 1325, 3, 109),
(1492, '2020-04-04', '23:49:33', 147, 10156, 180, 6325),
(1493, '2020-04-04', '23:49:33', 148, 752, 12, 29),
(1494, '2020-04-04', '23:49:33', 149, 334, 0, 40),
(1495, '2020-04-04', '23:49:33', 150, 3613, 146, 329),
(1496, '2020-04-04', '23:49:33', 151, 4731, 43, 333),
(1497, '2020-04-04', '23:49:33', 152, 102, 0, 0),
(1498, '2020-04-04', '23:49:33', 153, 14, 0, 1),
(1499, '2020-04-04', '23:49:33', 154, 7, 0, 1),
(1500, '2020-04-04', '23:49:33', 155, 0, 0, 0),
(1501, '2020-04-04', '23:49:33', 156, 0, 0, 0),
(1502, '2020-04-04', '23:49:33', 157, 2179, 29, 420),
(1503, '2020-04-04', '23:49:33', 158, 219, 2, 72),
(1504, '2020-04-04', '23:49:33', 159, 1624, 44, 54),
(1505, '2020-04-04', '23:49:33', 160, 10, 0, 0),
(1506, '2020-04-04', '23:49:33', 161, 4, 0, 0),
(1507, '2020-04-04', '23:49:33', 162, 1189, 6, 297),
(1508, '2020-04-04', '23:49:33', 163, 471, 1, 10),
(1509, '2020-04-04', '23:49:33', 164, 977, 22, 79),
(1510, '2020-04-04', '23:49:33', 165, 0, 0, 0),
(1511, '2020-04-04', '23:49:33', 166, 7, 0, 1),
(1512, '2020-04-04', '23:49:33', 167, 1585, 9, 95),
(1513, '2020-04-04', '23:49:33', 168, 0, 0, 0),
(1514, '2020-04-04', '23:49:33', 169, 126168, 11947, 34219),
(1515, '2020-04-04', '23:49:33', 170, 166, 5, 27),
(1516, '2020-04-04', '23:49:33', 171, 217, 1, 21),
(1517, '2020-04-04', '23:49:33', 172, 10, 2, 2),
(1518, '2020-04-04', '23:49:33', 173, 10, 1, 0),
(1519, '2020-04-04', '23:49:33', 174, 6443, 373, 205),
(1520, '2020-04-04', '23:49:33', 175, 20505, 666, 6415),
(1521, '2020-04-04', '23:49:33', 176, 16, 2, 2),
(1522, '2020-04-04', '23:49:33', 177, 0, 0, 0),
(1523, '2020-04-04', '23:49:33', 178, 2067, 20, 674),
(1524, '2020-04-04', '23:49:33', 179, 1, 0, 0),
(1525, '2020-04-04', '23:49:33', 180, 41, 3, 17),
(1526, '2020-04-04', '23:49:33', 181, 0, 0, 0),
(1527, '2020-04-04', '23:49:33', 182, 103, 6, 1),
(1528, '2020-04-04', '23:49:33', 183, 553, 19, 5),
(1529, '2020-04-04', '23:49:33', 184, 23934, 501, 786),
(1530, '2020-04-04', '23:49:33', 185, 0, 0, 0),
(1531, '2020-04-04', '23:49:33', 186, 48, 0, 0),
(1532, '2020-04-04', '23:49:33', 187, 1225, 32, 25),
(1533, '2020-04-04', '23:49:33', 188, 1505, 10, 125),
(1534, '2020-04-04', '23:49:33', 189, 41903, 4313, 135),
(1535, '2020-04-04', '23:49:33', 190, 20, 1, 3),
(1536, '2020-04-04', '23:49:33', 191, 307504, 8354, 14686),
(1537, '2020-04-04', '23:49:33', 192, 40, 0, 0),
(1538, '2020-04-04', '23:49:33', 193, 386, 5, 86),
(1539, '2020-04-04', '23:49:33', 194, 266, 2, 25),
(1540, '2020-04-04', '23:49:33', 195, 0, 0, 0),
(1541, '2020-04-04', '23:49:33', 196, 155, 7, 52),
(1542, '2020-04-04', '23:49:33', 197, 240, 0, 90),
(1543, '2020-04-04', '23:49:33', 198, 0, 0, 0),
(1544, '2020-04-04', '23:49:33', 199, 0, 0, 0),
(1545, '2020-04-04', '23:49:33', 200, 39, 1, 2),
(1546, '2020-04-04', '23:49:33', 201, 9, 1, 0),
(1547, '2020-04-04', '23:49:33', 202, 721, 13, 619),
(1548, '2020-04-04', '23:49:33', 203, 259, 32, 27),
(1549, '2020-04-04', '23:49:33', 204, 66, 1, 3),
(1550, '2020-04-04', '23:49:33', 205, 466, 17, 21),
(1551, '2020-04-04', '23:49:33', 206, 77, 1, 0),
(1552, '2020-04-04', '23:49:33', 207, 181, 0, 93),
(1553, '2020-04-04', '23:49:33', 208, 98, 0, 52),
(1554, '2020-04-04', '23:49:33', 209, 7, 0, 0),
(1555, '2020-04-04', '23:49:33', 210, 6, 0, 1),
(1556, '2020-04-04', '23:49:33', 211, 24, 2, 5),
(1557, '2020-04-04', '23:49:33', 212, 35, 1, 1),
(1558, '2020-04-04', '23:49:33', 213, 0, 0, 0),
(1559, '2020-04-04', '23:49:33', 214, 11, 0, 3),
(1560, '2020-04-04', '23:49:33', 215, 6, 0, 0),
(1561, '2020-04-04', '23:49:33', 216, 23, 4, 6),
(1562, '2020-04-04', '23:49:33', 217, 35, 0, 14),
(1563, '2020-04-04', '23:49:33', 218, 126, 1, 0),
(1564, '2020-04-04', '23:49:33', 219, 14, 0, 0),
(1565, '2020-04-04', '23:49:33', 220, 6, 0, 0),
(1566, '2020-04-04', '23:49:33', 221, 3, 0, 0),
(1567, '2020-04-04', '23:49:33', 222, 9, 0, 0),
(1568, '2020-04-04', '23:49:33', 223, 3, 0, 0),
(1569, '2020-04-04', '23:49:33', 224, 8, 0, 0),
(1570, '2020-04-05', '21:02:05', 1, 349, 8, 17),
(1571, '2020-04-05', '21:02:05', 2, 361, 20, 104),
(1572, '2020-04-05', '21:02:05', 3, 1320, 152, 90),
(1573, '2020-04-05', '21:02:05', 4, 10, 2, 2),
(1574, '2020-04-05', '21:02:05', 5, 15, 0, 0),
(1575, '2020-04-05', '21:02:05', 6, 1451, 44, 280),
(1576, '2020-04-05', '21:02:05', 7, 822, 7, 57),
(1577, '2020-04-05', '21:02:05', 8, 64, 0, 1),
(1578, '2020-04-05', '21:02:05', 9, 5687, 35, 2315),
(1579, '2020-04-05', '21:02:05', 10, 12051, 204, 2998),
(1580, '2020-04-05', '21:02:05', 11, 584, 7, 32),
(1581, '2020-04-05', '21:02:05', 12, 28, 4, 1),
(1582, '2020-04-05', '21:02:05', 13, 700, 4, 431),
(1583, '2020-04-05', '21:02:05', 14, 88, 9, 33),
(1584, '2020-04-05', '21:02:05', 15, 56, 1, 6),
(1585, '2020-04-05', '21:02:05', 16, 562, 8, 52),
(1586, '2020-04-05', '21:02:05', 17, 19691, 1447, 3751),
(1587, '2020-04-05', '21:02:05', 18, 5, 0, 0),
(1588, '2020-04-05', '21:02:05', 19, 22, 0, 5),
(1589, '2020-04-05', '21:02:05', 20, 5, 0, 2),
(1590, '2020-04-05', '21:02:05', 21, 157, 10, 2),
(1591, '2020-04-05', '21:02:05', 22, 654, 23, 30),
(1592, '2020-04-05', '21:02:05', 23, 6, 1, 0),
(1593, '2020-04-05', '21:02:05', 24, 10568, 455, 127),
(1594, '2020-04-05', '21:02:05', 25, 135, 1, 73),
(1595, '2020-04-05', '21:02:05', 26, 531, 20, 37),
(1596, '2020-04-05', '21:02:05', 27, 345, 17, 90),
(1597, '2020-04-05', '21:02:05', 28, 3, 0, 0),
(1598, '2020-04-05', '21:02:05', 29, 7, 1, 0),
(1599, '2020-04-05', '21:02:05', 30, 114, 0, 50),
(1600, '2020-04-05', '21:02:05', 31, 555, 9, 17),
(1601, '2020-04-05', '21:02:05', 32, 15416, 277, 3000),
(1602, '2020-04-05', '21:02:05', 33, 8, 0, 0),
(1603, '2020-04-05', '21:02:05', 34, 9, 0, 0),
(1604, '2020-04-05', '21:02:05', 35, 280, 6, 27),
(1605, '2020-04-05', '21:02:05', 36, 4471, 34, 618),
(1606, '2020-04-05', '21:02:05', 37, 81669, 3329, 76991),
(1607, '2020-04-05', '21:02:05', 38, 891, 4, 206),
(1608, '2020-04-05', '21:02:05', 39, 44, 0, 10),
(1609, '2020-04-05', '21:02:05', 40, 363, 5, 54),
(1610, '2020-04-05', '21:02:05', 41, 1485, 35, 88),
(1611, '2020-04-05', '21:02:05', 42, 0, 0, 0),
(1612, '2020-04-05', '21:02:05', 43, 45, 5, 2),
(1613, '2020-04-05', '21:02:05', 44, 435, 2, 13),
(1614, '2020-04-05', '21:02:05', 45, 245, 1, 25),
(1615, '2020-04-05', '21:02:05', 46, 1182, 15, 125),
(1616, '2020-04-05', '21:02:05', 47, 320, 8, 15),
(1617, '2020-04-05', '21:02:05', 48, 11, 1, 5),
(1618, '2020-04-05', '21:02:05', 49, 446, 13, 37),
(1619, '2020-04-05', '21:02:05', 50, 4543, 67, 96),
(1620, '2020-04-05', '21:02:05', 51, 0, 0, 0),
(1621, '2020-04-05', '21:02:05', 52, 154, 18, 3),
(1622, '2020-04-05', '21:02:05', 53, 4369, 179, 1327),
(1623, '2020-04-05', '21:02:05', 54, 59, 0, 9),
(1624, '2020-04-05', '21:02:05', 55, 1747, 82, 24),
(1625, '2020-04-05', '21:02:05', 56, 3646, 180, 100),
(1626, '2020-04-05', '21:02:05', 57, 1173, 78, 247),
(1627, '2020-04-05', '21:02:05', 58, 62, 3, 2),
(1628, '2020-04-05', '21:02:05', 59, 16, 0, 1),
(1629, '2020-04-05', '21:02:05', 60, 29, 0, 0),
(1630, '2020-04-05', '21:02:05', 61, 1097, 15, 62),
(1631, '2020-04-05', '21:02:05', 62, 9, 0, 1),
(1632, '2020-04-05', '21:02:05', 63, 43, 2, 4),
(1633, '2020-04-05', '21:02:05', 64, 12, 0, 0),
(1634, '2020-04-05', '21:02:05', 65, 1927, 28, 10),
(1635, '2020-04-05', '21:02:05', 66, 89953, 8078, 16183),
(1636, '2020-04-05', '21:02:05', 67, 66, 0, 27),
(1637, '2020-04-05', '21:02:05', 68, 41, 0, 0),
(1638, '2020-04-05', '21:02:05', 69, 21, 1, 1),
(1639, '2020-04-05', '21:02:05', 70, 4, 1, 2),
(1640, '2020-04-05', '21:02:05', 71, 174, 2, 36),
(1641, '2020-04-05', '21:02:05', 72, 100006, 1579, 31442),
(1642, '2020-04-05', '21:02:05', 73, 214, 5, 31),
(1643, '2020-04-05', '21:02:05', 74, 1735, 73, 88),
(1644, '2020-04-05', '21:02:05', 75, 12, 0, 0),
(1645, '2020-04-05', '21:02:05', 76, 134, 7, 24),
(1646, '2020-04-05', '21:02:05', 77, 112, 4, 0),
(1647, '2020-04-05', '21:02:05', 78, 61, 2, 15),
(1648, '2020-04-05', '21:02:05', 79, 121, 1, 5),
(1649, '2020-04-05', '21:02:05', 80, 18, 0, 0),
(1650, '2020-04-05', '21:02:05', 81, 24, 4, 0),
(1651, '2020-04-05', '21:02:05', 82, 21, 1, 1),
(1652, '2020-04-05', '21:02:05', 83, 268, 22, 6),
(1653, '2020-04-05', '21:02:05', 84, 733, 34, 66),
(1654, '2020-04-05', '21:02:05', 85, 1486, 4, 428),
(1655, '2020-04-05', '21:02:05', 86, 4289, 118, 328),
(1656, '2020-04-05', '21:02:05', 87, 2273, 198, 164),
(1657, '2020-04-05', '21:02:05', 88, 58226, 3603, 22011),
(1658, '2020-04-05', '21:02:05', 89, 961, 61, 279),
(1659, '2020-04-05', '21:02:05', 90, 4994, 158, 25),
(1660, '2020-04-05', '21:02:05', 91, 8430, 49, 477),
(1661, '2020-04-05', '21:02:05', 92, 128948, 15887, 21815),
(1662, '2020-04-05', '21:02:05', 93, 55, 3, 8),
(1663, '2020-04-05', '21:02:05', 94, 3854, 93, 514),
(1664, '2020-04-05', '21:02:05', 95, 345, 5, 110),
(1665, '2020-04-05', '21:02:05', 96, 584, 6, 42),
(1666, '2020-04-05', '21:02:05', 97, 142, 4, 4),
(1667, '2020-04-05', '21:02:05', 98, 0, 0, 0),
(1668, '2020-04-05', '21:02:05', 99, 556, 1, 99),
(1669, '2020-04-05', '21:02:05', 100, 147, 2, 9),
(1670, '2020-04-05', '21:02:05', 101, 11, 0, 0),
(1671, '2020-04-05', '21:02:05', 102, 533, 1, 30),
(1672, '2020-04-05', '21:02:05', 103, 527, 18, 54),
(1673, '2020-04-05', '21:02:05', 104, 0, 0, 0),
(1674, '2020-04-05', '21:02:05', 105, 13, 3, 3),
(1675, '2020-04-05', '21:02:05', 106, 18, 1, 1),
(1676, '2020-04-05', '21:02:05', 107, 811, 13, 7),
(1677, '2020-04-05', '21:02:05', 108, 2804, 36, 500),
(1678, '2020-04-05', '21:02:05', 109, 72, 0, 2),
(1679, '2020-04-05', '21:02:05', 110, 4, 0, 0),
(1680, '2020-04-05', '21:02:05', 111, 3662, 61, 1005),
(1681, '2020-04-05', '21:02:05', 112, 19, 0, 13),
(1682, '2020-04-05', '21:02:05', 113, 45, 5, 1),
(1683, '2020-04-05', '21:02:05', 114, 227, 0, 5),
(1684, '2020-04-05', '21:02:05', 115, 149, 4, 50),
(1685, '2020-04-05', '21:02:05', 116, 6, 1, 2),
(1686, '2020-04-05', '21:02:05', 117, 227, 7, 7),
(1687, '2020-04-05', '21:02:05', 118, 134, 2, 14),
(1688, '2020-04-05', '21:02:05', 119, 1890, 79, 721),
(1689, '2020-04-05', '21:02:05', 256, 0, 0, 0),
(1690, '2020-04-05', '21:02:05', 121, 14, 0, 2),
(1691, '2020-04-05', '21:02:05', 122, 214, 2, 1),
(1692, '2020-04-05', '21:02:05', 123, 990, 69, 71),
(1693, '2020-04-05', '21:02:05', 124, 10, 0, 1),
(1694, '2020-04-05', '21:02:05', 125, 21, 1, 0),
(1695, '2020-04-05', '21:02:05', 126, 16, 0, 3),
(1696, '2020-04-05', '21:02:05', 127, 9, 0, 1),
(1697, '2020-04-05', '21:02:05', 128, 17851, 1766, 250),
(1698, '2020-04-05', '21:02:05', 129, 18, 0, 1),
(1699, '2020-04-05', '21:02:05', 130, 1039, 1, 156),
(1700, '2020-04-05', '21:02:05', 131, 6, 1, 0),
(1701, '2020-04-05', '21:02:05', 132, 144, 8, 0),
(1702, '2020-04-05', '21:02:05', 133, 224, 5, 27),
(1703, '2020-04-05', '21:02:05', 134, 555, 18, 23),
(1704, '2020-04-05', '21:02:05', 135, 5687, 71, 32),
(1705, '2020-04-05', '21:02:05', 136, 299, 2, 61),
(1706, '2020-04-05', '21:02:05', 137, 3123, 45, 208),
(1707, '2020-04-05', '21:02:05', 138, 1801, 46, 13),
(1708, '2020-04-05', '21:02:05', 139, 1, 0, 0),
(1709, '2020-04-05', '21:02:05', 140, 104, 3, 12),
(1710, '2020-04-05', '21:02:05', 141, 2281, 83, 989),
(1711, '2020-04-05', '21:02:05', 142, 3246, 152, 64),
(1712, '2020-04-05', '21:02:05', 143, 4102, 94, 207),
(1713, '2020-04-05', '21:02:05', 144, 11278, 295, 75),
(1714, '2020-04-05', '21:02:05', 145, 472, 20, 2),
(1715, '2020-04-05', '21:02:05', 146, 1604, 4, 123),
(1716, '2020-04-05', '21:02:05', 147, 10237, 183, 6463),
(1717, '2020-04-05', '21:02:05', 148, 864, 15, 30),
(1718, '2020-04-05', '21:02:05', 149, 344, 0, 40),
(1719, '2020-04-05', '21:02:05', 150, 3864, 151, 374),
(1720, '2020-04-05', '21:02:05', 151, 5389, 45, 355),
(1721, '2020-04-05', '21:02:05', 152, 104, 0, 4),
(1722, '2020-04-05', '21:02:05', 153, 14, 0, 1),
(1723, '2020-04-05', '21:02:05', 154, 7, 0, 1),
(1724, '2020-04-05', '21:02:05', 155, 0, 0, 0),
(1725, '2020-04-05', '21:02:05', 156, 0, 0, 0),
(1726, '2020-04-05', '21:02:05', 157, 2385, 34, 488),
(1727, '2020-04-05', '21:02:05', 158, 222, 2, 82),
(1728, '2020-04-05', '21:02:05', 159, 1908, 51, 54),
(1729, '2020-04-05', '21:02:05', 160, 10, 0, 0),
(1730, '2020-04-05', '21:02:05', 161, 6, 0, 0),
(1731, '2020-04-05', '21:02:05', 162, 1309, 6, 320),
(1732, '2020-04-05', '21:02:05', 163, 485, 1, 10),
(1733, '2020-04-05', '21:02:05', 164, 997, 28, 79),
(1734, '2020-04-05', '21:02:05', 165, 0, 0, 0),
(1735, '2020-04-05', '21:02:05', 166, 7, 0, 1),
(1736, '2020-04-05', '21:02:05', 167, 1585, 9, 95),
(1737, '2020-04-05', '21:02:05', 168, 1, 0, 0),
(1738, '2020-04-05', '21:02:05', 169, 130759, 12418, 38080),
(1739, '2020-04-05', '21:02:05', 170, 176, 5, 33),
(1740, '2020-04-05', '21:02:05', 171, 234, 1, 23),
(1741, '2020-04-05', '21:02:05', 172, 12, 2, 2),
(1742, '2020-04-05', '21:02:05', 173, 10, 1, 0),
(1743, '2020-04-05', '21:02:05', 174, 6830, 401, 205),
(1744, '2020-04-05', '21:02:05', 175, 21100, 715, 6415),
(1745, '2020-04-05', '21:02:05', 176, 19, 2, 2),
(1746, '2020-04-05', '21:02:05', 177, 0, 0, 0),
(1747, '2020-04-05', '21:02:05', 178, 2169, 23, 793),
(1748, '2020-04-05', '21:02:05', 179, 1, 0, 0),
(1749, '2020-04-05', '21:02:05', 180, 44, 3, 20),
(1750, '2020-04-05', '21:02:05', 181, 0, 0, 0),
(1751, '2020-04-05', '21:02:05', 182, 104, 7, 1),
(1752, '2020-04-05', '21:02:05', 183, 574, 22, 5),
(1753, '2020-04-05', '21:02:05', 184, 27069, 574, 1042),
(1754, '2020-04-05', '21:02:05', 185, 0, 0, 0),
(1755, '2020-04-05', '21:02:05', 186, 48, 0, 0),
(1756, '2020-04-05', '21:02:05', 187, 1251, 32, 25),
(1757, '2020-04-05', '21:02:05', 188, 1799, 10, 144),
(1758, '2020-04-05', '21:02:05', 189, 47806, 4934, 135),
(1759, '2020-04-05', '21:02:05', 190, 20, 1, 3),
(1760, '2020-04-05', '21:02:05', 191, 330231, 9443, 16820),
(1761, '2020-04-05', '21:02:05', 192, 42, 1, 0),
(1762, '2020-04-05', '21:02:05', 193, 400, 5, 93),
(1763, '2020-04-05', '21:02:05', 194, 310, 2, 30),
(1764, '2020-04-05', '21:02:05', 195, 0, 0, 0),
(1765, '2020-04-05', '21:02:05', 196, 159, 7, 52),
(1766, '2020-04-05', '21:02:05', 197, 241, 0, 91),
(1767, '2020-04-05', '21:02:05', 198, 4, 0, 0),
(1768, '2020-04-05', '21:02:05', 199, 0, 0, 0),
(1769, '2020-04-05', '21:02:05', 200, 39, 1, 3),
(1770, '2020-04-05', '21:02:05', 201, 9, 1, 0),
(1771, '2020-04-05', '21:02:05', 202, 721, 13, 619),
(1772, '2020-04-05', '21:02:05', 203, 266, 32, 35),
(1773, '2020-04-05', '21:02:05', 204, 73, 1, 3),
(1774, '2020-04-05', '21:02:05', 205, 501, 18, 26),
(1775, '2020-04-05', '21:02:05', 206, 77, 1, 0),
(1776, '2020-04-05', '21:02:05', 207, 181, 0, 99),
(1777, '2020-04-05', '21:02:05', 208, 103, 0, 52),
(1778, '2020-04-05', '21:02:05', 209, 7, 0, 0),
(1779, '2020-04-05', '21:02:05', 210, 6, 0, 1),
(1780, '2020-04-05', '21:02:05', 211, 29, 2, 7),
(1781, '2020-04-05', '21:02:05', 212, 35, 1, 1),
(1782, '2020-04-05', '21:02:05', 213, 0, 0, 0),
(1783, '2020-04-05', '21:02:05', 214, 11, 0, 4),
(1784, '2020-04-05', '21:02:05', 215, 6, 0, 0),
(1785, '2020-04-05', '21:02:05', 216, 25, 4, 6),
(1786, '2020-04-05', '21:02:05', 217, 37, 0, 14),
(1787, '2020-04-05', '21:02:05', 218, 127, 1, 0),
(1788, '2020-04-05', '21:02:05', 219, 14, 0, 0),
(1789, '2020-04-05', '21:02:05', 220, 6, 1, 0),
(1790, '2020-04-05', '21:02:05', 221, 3, 0, 0),
(1791, '2020-04-05', '21:02:05', 222, 10, 0, 0),
(1792, '2020-04-05', '21:02:05', 223, 3, 0, 0),
(1793, '2020-04-05', '21:02:05', 224, 8, 0, 0),
(1794, '2020-04-06', '22:01:41', 1, 367, 8, 18),
(1795, '2020-04-06', '22:01:41', 2, 377, 21, 116),
(1796, '2020-04-06', '22:01:41', 3, 1423, 173, 90),
(1797, '2020-04-06', '22:01:41', 4, 16, 2, 2),
(1798, '2020-04-06', '22:01:41', 5, 15, 0, 0),
(1799, '2020-04-06', '22:01:41', 6, 1554, 48, 325),
(1800, '2020-04-06', '22:01:41', 7, 833, 8, 62),
(1801, '2020-04-06', '22:01:41', 8, 71, 0, 2),
(1802, '2020-04-06', '22:01:41', 9, 5797, 41, 2432),
(1803, '2020-04-06', '22:01:41', 10, 12293, 220, 3463),
(1804, '2020-04-06', '22:01:41', 11, 641, 7, 44),
(1805, '2020-04-06', '22:01:41', 12, 29, 5, 4),
(1806, '2020-04-06', '22:01:41', 13, 756, 4, 458),
(1807, '2020-04-06', '22:01:41', 14, 123, 12, 33),
(1808, '2020-04-06', '22:01:41', 15, 56, 1, 6),
(1809, '2020-04-06', '22:01:41', 16, 700, 13, 52),
(1810, '2020-04-06', '22:01:41', 17, 20814, 1632, 3986),
(1811, '2020-04-06', '22:01:41', 18, 7, 1, 0),
(1812, '2020-04-06', '22:01:41', 19, 23, 1, 5),
(1813, '2020-04-06', '22:01:41', 20, 5, 0, 2),
(1814, '2020-04-06', '22:01:41', 21, 183, 11, 2),
(1815, '2020-04-06', '22:01:41', 22, 674, 29, 47),
(1816, '2020-04-06', '22:01:41', 23, 6, 1, 0),
(1817, '2020-04-06', '22:01:41', 24, 12056, 553, 127),
(1818, '2020-04-06', '22:01:41', 25, 135, 1, 82),
(1819, '2020-04-06', '22:01:41', 26, 549, 22, 39),
(1820, '2020-04-06', '22:01:41', 27, 345, 17, 90),
(1821, '2020-04-06', '22:01:41', 28, 3, 0, 0),
(1822, '2020-04-06', '22:01:41', 29, 7, 1, 1),
(1823, '2020-04-06', '22:01:41', 30, 114, 0, 53),
(1824, '2020-04-06', '22:01:41', 31, 658, 9, 17),
(1825, '2020-04-06', '22:01:41', 32, 16500, 339, 3439),
(1826, '2020-04-06', '22:01:41', 33, 8, 0, 0),
(1827, '2020-04-06', '22:01:41', 34, 9, 0, 0),
(1828, '2020-04-06', '22:01:41', 35, 323, 7, 27),
(1829, '2020-04-06', '22:01:41', 36, 4815, 37, 728),
(1830, '2020-04-06', '22:01:41', 37, 81708, 3331, 77084),
(1831, '2020-04-06', '22:01:41', 38, 915, 4, 216),
(1832, '2020-04-06', '22:01:41', 39, 44, 0, 10),
(1833, '2020-04-06', '22:01:41', 40, 373, 5, 57),
(1834, '2020-04-06', '22:01:41', 41, 1485, 35, 88),
(1835, '2020-04-06', '22:01:41', 42, 0, 0, 0),
(1836, '2020-04-06', '22:01:41', 43, 45, 5, 2),
(1837, '2020-04-06', '22:01:41', 44, 467, 2, 18),
(1838, '2020-04-06', '22:01:41', 45, 323, 3, 41),
(1839, '2020-04-06', '22:01:41', 46, 1222, 16, 130),
(1840, '2020-04-06', '22:01:41', 47, 350, 9, 18),
(1841, '2020-04-06', '22:01:41', 48, 13, 1, 5),
(1842, '2020-04-06', '22:01:41', 49, 465, 13, 45),
(1843, '2020-04-06', '22:01:41', 50, 4735, 78, 121),
(1844, '2020-04-06', '22:01:41', 51, 0, 0, 0),
(1845, '2020-04-06', '22:01:41', 52, 161, 18, 5),
(1846, '2020-04-06', '22:01:41', 53, 4681, 187, 1378),
(1847, '2020-04-06', '22:01:41', 54, 59, 0, 9),
(1848, '2020-04-06', '22:01:41', 55, 1828, 86, 33),
(1849, '2020-04-06', '22:01:41', 56, 3747, 191, 100),
(1850, '2020-04-06', '22:01:41', 57, 1322, 85, 259),
(1851, '2020-04-06', '22:01:41', 58, 69, 4, 5),
(1852, '2020-04-06', '22:01:41', 59, 16, 0, 3),
(1853, '2020-04-06', '22:01:41', 60, 29, 0, 0),
(1854, '2020-04-06', '22:01:41', 61, 1108, 19, 62),
(1855, '2020-04-06', '22:01:41', 62, 10, 0, 4),
(1856, '2020-04-06', '22:01:41', 63, 44, 2, 4),
(1857, '2020-04-06', '22:01:41', 64, 14, 0, 0),
(1858, '2020-04-06', '22:01:41', 65, 2176, 27, 300),
(1859, '2020-04-06', '22:01:41', 66, 98010, 8911, 17250),
(1860, '2020-04-06', '22:01:41', 67, 68, 0, 27),
(1861, '2020-04-06', '22:01:41', 68, 42, 0, 0),
(1862, '2020-04-06', '22:01:41', 69, 24, 1, 1),
(1863, '2020-04-06', '22:01:41', 70, 4, 1, 2),
(1864, '2020-04-06', '22:01:41', 71, 188, 2, 39),
(1865, '2020-04-06', '22:01:41', 72, 101984, 1759, 35800),
(1866, '2020-04-06', '22:01:41', 73, 214, 5, 31),
(1867, '2020-04-06', '22:01:41', 74, 1755, 79, 269),
(1868, '2020-04-06', '22:01:41', 75, 12, 0, 0),
(1869, '2020-04-06', '22:01:41', 76, 135, 7, 31),
(1870, '2020-04-06', '22:01:41', 77, 112, 4, 0),
(1871, '2020-04-06', '22:01:41', 78, 70, 3, 15),
(1872, '2020-04-06', '22:01:41', 79, 121, 1, 5),
(1873, '2020-04-06', '22:01:41', 80, 18, 0, 0),
(1874, '2020-04-06', '22:01:41', 81, 29, 4, 0),
(1875, '2020-04-06', '22:01:41', 82, 24, 1, 1),
(1876, '2020-04-06', '22:01:41', 83, 298, 22, 6),
(1877, '2020-04-06', '22:01:41', 84, 744, 38, 67),
(1878, '2020-04-06', '22:01:41', 85, 1562, 6, 460),
(1879, '2020-04-06', '22:01:41', 86, 4778, 136, 382),
(1880, '2020-04-06', '22:01:41', 87, 2491, 209, 192),
(1881, '2020-04-06', '22:01:41', 88, 60500, 3739, 24236),
(1882, '2020-04-06', '22:01:41', 89, 1031, 64, 344),
(1883, '2020-04-06', '22:01:41', 90, 5364, 174, 25),
(1884, '2020-04-06', '22:01:41', 91, 8904, 57, 585),
(1885, '2020-04-06', '22:01:41', 92, 132547, 16523, 22837),
(1886, '2020-04-06', '22:01:41', 93, 58, 3, 8),
(1887, '2020-04-06', '22:01:41', 94, 4083, 97, 592),
(1888, '2020-04-06', '22:01:41', 95, 349, 6, 126),
(1889, '2020-04-06', '22:01:41', 96, 662, 6, 46),
(1890, '2020-04-06', '22:01:41', 97, 158, 6, 4),
(1891, '2020-04-06', '22:01:41', 98, 0, 0, 0),
(1892, '2020-04-06', '22:01:41', 99, 665, 1, 103),
(1893, '2020-04-06', '22:01:41', 100, 216, 4, 33),
(1894, '2020-04-06', '22:01:41', 101, 12, 0, 0),
(1895, '2020-04-06', '22:01:41', 102, 542, 1, 30),
(1896, '2020-04-06', '22:01:41', 103, 541, 19, 60),
(1897, '2020-04-06', '22:01:41', 104, 0, 0, 0),
(1898, '2020-04-06', '22:01:41', 105, 14, 3, 3),
(1899, '2020-04-06', '22:01:41', 106, 18, 1, 1),
(1900, '2020-04-06', '22:01:41', 107, 843, 15, 8),
(1901, '2020-04-06', '22:01:41', 108, 2843, 41, 500),
(1902, '2020-04-06', '22:01:41', 109, 82, 0, 2),
(1903, '2020-04-06', '22:01:41', 110, 5, 0, 0),
(1904, '2020-04-06', '22:01:41', 111, 3793, 62, 1241),
(1905, '2020-04-06', '22:01:41', 112, 19, 0, 13),
(1906, '2020-04-06', '22:01:41', 113, 47, 5, 9),
(1907, '2020-04-06', '22:01:41', 114, 241, 0, 5),
(1908, '2020-04-06', '22:01:41', 115, 149, 4, 50),
(1909, '2020-04-06', '22:01:41', 116, 6, 1, 2),
(1910, '2020-04-06', '22:01:41', 117, 244, 7, 7),
(1911, '2020-04-06', '22:01:41', 118, 147, 2, 14),
(1912, '2020-04-06', '22:01:41', 119, 2143, 94, 721),
(1913, '2020-04-06', '22:01:41', 256, 0, 0, 0),
(1914, '2020-04-06', '22:01:41', 121, 15, 0, 2),
(1915, '2020-04-06', '22:01:41', 122, 233, 2, 1),
(1916, '2020-04-06', '22:01:41', 123, 1120, 80, 81),
(1917, '2020-04-06', '22:01:41', 124, 10, 0, 1),
(1918, '2020-04-06', '22:01:41', 125, 22, 1, 0),
(1919, '2020-04-06', '22:01:41', 126, 16, 0, 3),
(1920, '2020-04-06', '22:01:41', 127, 9, 0, 1),
(1921, '2020-04-06', '22:01:41', 128, 18803, 1867, 250),
(1922, '2020-04-06', '22:01:41', 129, 18, 0, 1),
(1923, '2020-04-06', '22:01:41', 130, 1106, 1, 176),
(1924, '2020-04-06', '22:01:41', 131, 6, 1, 0),
(1925, '2020-04-06', '22:01:41', 132, 184, 10, 13),
(1926, '2020-04-06', '22:01:41', 133, 232, 5, 33),
(1927, '2020-04-06', '22:01:41', 134, 570, 23, 30),
(1928, '2020-04-06', '22:01:41', 135, 5772, 76, 32),
(1929, '2020-04-06', '22:01:41', 136, 331, 2, 61),
(1930, '2020-04-06', '22:01:41', 137, 3766, 53, 259),
(1931, '2020-04-06', '22:01:41', 138, 1988, 54, 13),
(1932, '2020-04-06', '22:01:41', 139, 2, 0, 0),
(1933, '2020-04-06', '22:01:41', 140, 113, 5, 12),
(1934, '2020-04-06', '22:01:41', 141, 2561, 92, 997),
(1935, '2020-04-06', '22:01:41', 142, 3660, 163, 73),
(1936, '2020-04-06', '22:01:41', 143, 4413, 107, 207),
(1937, '2020-04-06', '22:01:41', 144, 11730, 311, 140),
(1938, '2020-04-06', '22:01:41', 145, 475, 20, 2);
INSERT INTO `covid_global` (`id`, `date`, `time`, `nation_id`, `infected`, `dead`, `recover`) VALUES
(1939, '2020-04-06', '22:01:41', 146, 1832, 4, 131),
(1940, '2020-04-06', '22:01:41', 147, 10284, 189, 6598),
(1941, '2020-04-06', '22:01:41', 148, 965, 19, 37),
(1942, '2020-04-06', '22:01:41', 149, 349, 0, 40),
(1943, '2020-04-06', '22:01:41', 150, 4057, 168, 406),
(1944, '2020-04-06', '22:01:41', 151, 6343, 47, 406),
(1945, '2020-04-06', '22:01:41', 152, 105, 0, 4),
(1946, '2020-04-06', '22:01:41', 153, 14, 0, 1),
(1947, '2020-04-06', '22:01:41', 154, 7, 0, 1),
(1948, '2020-04-06', '22:01:41', 155, 0, 0, 0),
(1949, '2020-04-06', '22:01:41', 156, 4, 0, 0),
(1950, '2020-04-06', '22:01:41', 157, 2605, 38, 551),
(1951, '2020-04-06', '22:01:41', 158, 226, 2, 92),
(1952, '2020-04-06', '22:01:41', 159, 2200, 58, 178),
(1953, '2020-04-06', '22:01:41', 160, 11, 0, 0),
(1954, '2020-04-06', '22:01:42', 161, 6, 0, 0),
(1955, '2020-04-06', '22:01:42', 162, 1375, 6, 344),
(1956, '2020-04-06', '22:01:42', 163, 534, 2, 10),
(1957, '2020-04-06', '22:01:42', 164, 1021, 30, 102),
(1958, '2020-04-06', '22:01:42', 165, 0, 0, 0),
(1959, '2020-04-06', '22:01:42', 166, 7, 0, 1),
(1960, '2020-04-06', '22:01:42', 167, 1686, 12, 95),
(1961, '2020-04-06', '22:01:42', 168, 1, 0, 0),
(1962, '2020-04-06', '22:01:42', 169, 135032, 13169, 40437),
(1963, '2020-04-06', '22:01:42', 170, 178, 5, 38),
(1964, '2020-04-06', '22:01:42', 171, 253, 1, 25),
(1965, '2020-04-06', '22:01:42', 172, 12, 2, 2),
(1966, '2020-04-06', '22:01:42', 173, 10, 1, 0),
(1967, '2020-04-06', '22:01:42', 174, 7206, 477, 205),
(1968, '2020-04-06', '22:01:42', 175, 21663, 765, 8056),
(1969, '2020-04-06', '22:01:42', 176, 19, 2, 2),
(1970, '2020-04-06', '22:01:42', 177, 0, 0, 0),
(1971, '2020-04-06', '22:01:42', 178, 2220, 26, 793),
(1972, '2020-04-06', '22:01:42', 179, 1, 0, 0),
(1973, '2020-04-06', '22:01:42', 180, 52, 3, 22),
(1974, '2020-04-06', '22:01:42', 181, 0, 0, 0),
(1975, '2020-04-06', '22:01:42', 182, 105, 8, 1),
(1976, '2020-04-06', '22:01:42', 183, 596, 22, 5),
(1977, '2020-04-06', '22:01:42', 184, 30217, 649, 1326),
(1978, '2020-04-06', '22:01:42', 185, 0, 0, 0),
(1979, '2020-04-06', '22:01:42', 186, 52, 0, 0),
(1980, '2020-04-06', '22:01:42', 187, 1319, 38, 28),
(1981, '2020-04-06', '22:01:42', 188, 2076, 11, 167),
(1982, '2020-04-06', '22:01:42', 189, 51608, 5373, 135),
(1983, '2020-04-06', '22:01:42', 190, 24, 1, 3),
(1984, '2020-04-06', '22:01:42', 191, 356963, 10539, 19308),
(1985, '2020-04-06', '22:01:42', 192, 42, 1, 0),
(1986, '2020-04-06', '22:01:42', 193, 406, 6, 104),
(1987, '2020-04-06', '22:01:42', 194, 457, 2, 30),
(1988, '2020-04-06', '22:01:42', 195, 0, 0, 0),
(1989, '2020-04-06', '22:01:42', 196, 159, 7, 52),
(1990, '2020-04-06', '22:01:42', 197, 245, 0, 95),
(1991, '2020-04-06', '22:01:42', 198, 4, 0, 0),
(1992, '2020-04-06', '22:01:42', 199, 0, 0, 0),
(1993, '2020-04-06', '22:01:42', 200, 39, 1, 5),
(1994, '2020-04-06', '22:01:42', 201, 9, 1, 0),
(1995, '2020-04-06', '22:01:42', 202, 721, 13, 619),
(1996, '2020-04-06', '22:01:42', 203, 277, 32, 40),
(1997, '2020-04-06', '22:01:42', 204, 77, 1, 4),
(1998, '2020-04-06', '22:01:42', 205, 525, 21, 31),
(1999, '2020-04-06', '22:01:42', 206, 77, 1, 55),
(2000, '2020-04-06', '22:01:42', 207, 183, 0, 107),
(2001, '2020-04-06', '22:01:42', 208, 109, 0, 52),
(2002, '2020-04-06', '22:01:42', 209, 7, 0, 0),
(2003, '2020-04-06', '22:01:42', 210, 6, 0, 1),
(2004, '2020-04-06', '22:01:42', 211, 32, 2, 7),
(2005, '2020-04-06', '22:01:42', 212, 39, 1, 1),
(2006, '2020-04-06', '22:01:42', 213, 0, 0, 0),
(2007, '2020-04-06', '22:01:42', 214, 11, 0, 4),
(2008, '2020-04-06', '22:01:42', 215, 6, 0, 0),
(2009, '2020-04-06', '22:01:42', 216, 37, 6, 6),
(2010, '2020-04-06', '22:01:42', 217, 37, 0, 14),
(2011, '2020-04-06', '22:01:42', 218, 139, 1, 55),
(2012, '2020-04-06', '22:01:42', 219, 14, 0, 0),
(2013, '2020-04-06', '22:01:42', 220, 6, 1, 0),
(2014, '2020-04-06', '22:01:42', 221, 3, 0, 0),
(2015, '2020-04-06', '22:01:42', 222, 10, 0, 0),
(2016, '2020-04-06', '22:01:42', 223, 3, 0, 0),
(2017, '2020-04-06', '22:01:42', 224, 8, 1, 0),
(2018, '2020-04-07', '22:07:17', 1, 423, 14, 18),
(2019, '2020-04-07', '22:07:17', 2, 383, 22, 131),
(2020, '2020-04-07', '22:07:17', 3, 1468, 193, 113),
(2021, '2020-04-07', '22:07:17', 4, 17, 2, 2),
(2022, '2020-04-07', '22:07:17', 5, 16, 0, 0),
(2023, '2020-04-07', '22:07:17', 6, 1628, 56, 338),
(2024, '2020-04-07', '22:07:17', 7, 853, 8, 87),
(2025, '2020-04-07', '22:07:17', 8, 74, 0, 14),
(2026, '2020-04-07', '22:07:17', 9, 5919, 48, 2547),
(2027, '2020-04-07', '22:07:17', 10, 12635, 243, 4046),
(2028, '2020-04-07', '22:07:17', 11, 717, 8, 44),
(2029, '2020-04-07', '22:07:17', 12, 33, 6, 5),
(2030, '2020-04-07', '22:07:17', 13, 811, 5, 458),
(2031, '2020-04-07', '22:07:17', 14, 164, 17, 33),
(2032, '2020-04-07', '22:07:18', 15, 63, 3, 6),
(2033, '2020-04-07', '22:07:18', 16, 861, 13, 54),
(2034, '2020-04-07', '22:07:18', 17, 22194, 2035, 4157),
(2035, '2020-04-07', '22:07:18', 18, 7, 1, 0),
(2036, '2020-04-07', '22:07:18', 19, 26, 1, 5),
(2037, '2020-04-07', '22:07:18', 20, 5, 0, 2),
(2038, '2020-04-07', '22:07:18', 21, 200, 14, 2),
(2039, '2020-04-07', '22:07:18', 22, 778, 33, 68),
(2040, '2020-04-07', '22:07:18', 23, 6, 1, 0),
(2041, '2020-04-07', '22:07:18', 24, 12632, 588, 127),
(2042, '2020-04-07', '22:07:18', 25, 135, 1, 85),
(2043, '2020-04-07', '22:07:18', 26, 577, 23, 42),
(2044, '2020-04-07', '22:07:18', 27, 364, 18, 108),
(2045, '2020-04-07', '22:07:18', 28, 3, 0, 0),
(2046, '2020-04-07', '22:07:18', 29, 7, 1, 1),
(2047, '2020-04-07', '22:07:18', 30, 115, 0, 58),
(2048, '2020-04-07', '22:07:18', 31, 685, 9, 43),
(2049, '2020-04-07', '22:07:18', 32, 17840, 375, 3935),
(2050, '2020-04-07', '22:07:18', 33, 8, 0, 0),
(2051, '2020-04-07', '22:07:18', 34, 10, 0, 2),
(2052, '2020-04-07', '22:07:18', 35, 335, 7, 34),
(2053, '2020-04-07', '22:07:18', 36, 5116, 43, 898),
(2054, '2020-04-07', '22:07:18', 37, 81740, 3331, 77184),
(2055, '2020-04-07', '22:07:18', 38, 936, 4, 236),
(2056, '2020-04-07', '22:07:18', 39, 44, 0, 10),
(2057, '2020-04-07', '22:07:18', 40, 376, 5, 61),
(2058, '2020-04-07', '22:07:18', 41, 1579, 46, 88),
(2059, '2020-04-07', '22:07:18', 42, 0, 0, 0),
(2060, '2020-04-07', '22:07:18', 43, 45, 5, 2),
(2061, '2020-04-07', '22:07:18', 44, 483, 2, 24),
(2062, '2020-04-07', '22:07:18', 45, 323, 3, 41),
(2063, '2020-04-07', '22:07:18', 46, 1282, 18, 167),
(2064, '2020-04-07', '22:07:18', 47, 396, 11, 27),
(2065, '2020-04-07', '22:07:18', 48, 13, 1, 7),
(2066, '2020-04-07', '22:07:18', 49, 494, 13, 47),
(2067, '2020-04-07', '22:07:18', 50, 4944, 88, 172),
(2068, '2020-04-07', '22:07:18', 51, 0, 0, 0),
(2069, '2020-04-07', '22:07:18', 52, 161, 18, 5),
(2070, '2020-04-07', '22:07:18', 53, 5071, 203, 1491),
(2071, '2020-04-07', '22:07:18', 54, 121, 0, 18),
(2072, '2020-04-07', '22:07:18', 55, 1956, 98, 36),
(2073, '2020-04-07', '22:07:18', 56, 3747, 191, 100),
(2074, '2020-04-07', '22:07:18', 57, 1450, 94, 276),
(2075, '2020-04-07', '22:07:18', 58, 78, 4, 5),
(2076, '2020-04-07', '22:07:18', 59, 16, 0, 3),
(2077, '2020-04-07', '22:07:18', 60, 31, 0, 0),
(2078, '2020-04-07', '22:07:18', 61, 1149, 21, 69),
(2079, '2020-04-07', '22:07:18', 62, 10, 0, 4),
(2080, '2020-04-07', '22:07:18', 63, 52, 2, 4),
(2081, '2020-04-07', '22:07:18', 64, 15, 0, 0),
(2082, '2020-04-07', '22:07:18', 65, 2308, 34, 300),
(2083, '2020-04-07', '22:07:18', 66, 109069, 10328, 19337),
(2084, '2020-04-07', '22:07:18', 67, 72, 0, 34),
(2085, '2020-04-07', '22:07:18', 68, 47, 0, 0),
(2086, '2020-04-07', '22:07:18', 69, 30, 1, 1),
(2087, '2020-04-07', '22:07:18', 70, 4, 1, 2),
(2088, '2020-04-07', '22:07:18', 71, 196, 3, 46),
(2089, '2020-04-07', '22:07:18', 72, 107482, 2005, 39977),
(2090, '2020-04-07', '22:07:18', 73, 287, 5, 31),
(2091, '2020-04-07', '22:07:18', 74, 1832, 81, 269),
(2092, '2020-04-07', '22:07:18', 75, 12, 0, 0),
(2093, '2020-04-07', '22:07:18', 76, 139, 7, 31),
(2094, '2020-04-07', '22:07:18', 77, 121, 4, 0),
(2095, '2020-04-07', '22:07:18', 78, 77, 3, 17),
(2096, '2020-04-07', '22:07:18', 79, 144, 1, 5),
(2097, '2020-04-07', '22:07:18', 80, 33, 0, 0),
(2098, '2020-04-07', '22:07:18', 81, 31, 5, 8),
(2099, '2020-04-07', '22:07:18', 82, 25, 1, 1),
(2100, '2020-04-07', '22:07:18', 83, 305, 22, 6),
(2101, '2020-04-07', '22:07:18', 84, 817, 47, 71),
(2102, '2020-04-07', '22:07:18', 85, 1586, 6, 559),
(2103, '2020-04-07', '22:07:18', 86, 5351, 160, 464),
(2104, '2020-04-07', '22:07:18', 87, 2738, 221, 204),
(2105, '2020-04-07', '22:07:18', 88, 62589, 3872, 27039),
(2106, '2020-04-07', '22:07:18', 89, 1122, 65, 373),
(2107, '2020-04-07', '22:07:18', 90, 5709, 210, 25),
(2108, '2020-04-07', '22:07:18', 91, 9248, 65, 770),
(2109, '2020-04-07', '22:07:18', 92, 135586, 17127, 24392),
(2110, '2020-04-07', '22:07:18', 93, 59, 3, 8),
(2111, '2020-04-07', '22:07:18', 94, 4459, 98, 622),
(2112, '2020-04-07', '22:07:18', 95, 353, 6, 138),
(2113, '2020-04-07', '22:07:18', 96, 697, 6, 51),
(2114, '2020-04-07', '22:07:18', 97, 172, 6, 7),
(2115, '2020-04-07', '22:07:18', 98, 0, 0, 0),
(2116, '2020-04-07', '22:07:18', 99, 743, 1, 105),
(2117, '2020-04-07', '22:07:18', 100, 228, 4, 33),
(2118, '2020-04-07', '22:07:18', 101, 14, 0, 0),
(2119, '2020-04-07', '22:07:18', 102, 548, 2, 16),
(2120, '2020-04-07', '22:07:18', 103, 548, 19, 62),
(2121, '2020-04-07', '22:07:18', 104, 0, 0, 0),
(2122, '2020-04-07', '22:07:18', 105, 14, 3, 3),
(2123, '2020-04-07', '22:07:18', 106, 20, 1, 1),
(2124, '2020-04-07', '22:07:18', 107, 880, 15, 8),
(2125, '2020-04-07', '22:07:18', 108, 2970, 44, 500),
(2126, '2020-04-07', '22:07:18', 109, 88, 0, 2),
(2127, '2020-04-07', '22:07:18', 110, 8, 1, 0),
(2128, '2020-04-07', '22:07:18', 111, 3963, 63, 1321),
(2129, '2020-04-07', '22:07:18', 112, 19, 0, 13),
(2130, '2020-04-07', '22:07:18', 113, 56, 6, 12),
(2131, '2020-04-07', '22:07:18', 114, 293, 0, 5),
(2132, '2020-04-07', '22:07:18', 115, 152, 4, 50),
(2133, '2020-04-07', '22:07:18', 116, 6, 1, 2),
(2134, '2020-04-07', '22:07:18', 117, 268, 7, 8),
(2135, '2020-04-07', '22:07:18', 118, 164, 2, 15),
(2136, '2020-04-07', '22:07:18', 119, 2439, 125, 721),
(2137, '2020-04-07', '22:07:18', 256, 0, 0, 0),
(2138, '2020-04-07', '22:07:18', 121, 15, 0, 4),
(2139, '2020-04-07', '22:07:18', 122, 241, 2, 4),
(2140, '2020-04-07', '22:07:18', 123, 1184, 90, 93),
(2141, '2020-04-07', '22:07:18', 124, 10, 0, 1),
(2142, '2020-04-07', '22:07:18', 125, 22, 1, 0),
(2143, '2020-04-07', '22:07:18', 126, 16, 0, 3),
(2144, '2020-04-07', '22:07:18', 127, 9, 0, 1),
(2145, '2020-04-07', '22:07:18', 128, 19580, 2101, 250),
(2146, '2020-04-07', '22:07:18', 129, 18, 0, 1),
(2147, '2020-04-07', '22:07:18', 130, 1160, 1, 241),
(2148, '2020-04-07', '22:07:18', 131, 6, 1, 0),
(2149, '2020-04-07', '22:07:18', 132, 278, 11, 26),
(2150, '2020-04-07', '22:07:18', 133, 238, 5, 35),
(2151, '2020-04-07', '22:07:18', 134, 599, 26, 30),
(2152, '2020-04-07', '22:07:18', 135, 5903, 89, 32),
(2153, '2020-04-07', '22:07:18', 136, 371, 2, 67),
(2154, '2020-04-07', '22:07:18', 137, 4009, 56, 473),
(2155, '2020-04-07', '22:07:18', 138, 2100, 55, 14),
(2156, '2020-04-07', '22:07:18', 139, 2, 0, 0),
(2157, '2020-04-07', '22:07:18', 140, 115, 5, 15),
(2158, '2020-04-07', '22:07:18', 141, 2954, 107, 1301),
(2159, '2020-04-07', '22:07:18', 142, 3764, 177, 84),
(2160, '2020-04-07', '22:07:18', 143, 4848, 129, 207),
(2161, '2020-04-07', '22:07:18', 144, 12442, 345, 184),
(2162, '2020-04-07', '22:07:18', 145, 573, 23, 2),
(2163, '2020-04-07', '22:07:18', 146, 2057, 6, 150),
(2164, '2020-04-07', '22:07:18', 147, 10331, 199, 6694),
(2165, '2020-04-07', '22:07:18', 148, 1056, 22, 40),
(2166, '2020-04-07', '22:07:18', 149, 349, 0, 40),
(2167, '2020-04-07', '22:07:18', 150, 4417, 197, 460),
(2168, '2020-04-07', '22:07:18', 151, 7497, 58, 494),
(2169, '2020-04-07', '22:07:18', 152, 105, 0, 7),
(2170, '2020-04-07', '22:07:18', 153, 14, 0, 1),
(2171, '2020-04-07', '22:07:18', 154, 7, 0, 1),
(2172, '2020-04-07', '22:07:18', 155, 0, 0, 0),
(2173, '2020-04-07', '22:07:18', 156, 4, 0, 0),
(2174, '2020-04-07', '22:07:18', 157, 2795, 43, 615),
(2175, '2020-04-07', '22:07:18', 158, 237, 2, 105),
(2176, '2020-04-07', '22:07:18', 159, 2447, 61, 178),
(2177, '2020-04-07', '22:07:18', 160, 11, 0, 0),
(2178, '2020-04-07', '22:07:18', 161, 6, 0, 0),
(2179, '2020-04-07', '22:07:18', 162, 1481, 6, 377),
(2180, '2020-04-07', '22:07:18', 163, 581, 2, 13),
(2181, '2020-04-07', '22:07:18', 164, 1059, 36, 102),
(2182, '2020-04-07', '22:07:18', 165, 0, 0, 0),
(2183, '2020-04-07', '22:07:18', 166, 8, 0, 1),
(2184, '2020-04-07', '22:07:18', 167, 1749, 13, 95),
(2185, '2020-04-07', '22:07:18', 168, 1, 0, 0),
(2186, '2020-04-07', '22:07:18', 169, 140511, 13897, 43208),
(2187, '2020-04-07', '22:07:18', 170, 185, 6, 42),
(2188, '2020-04-07', '22:07:18', 171, 261, 1, 44),
(2189, '2020-04-07', '22:07:18', 172, 14, 2, 2),
(2190, '2020-04-07', '22:07:18', 173, 10, 1, 0),
(2191, '2020-04-07', '22:07:18', 174, 7693, 591, 205),
(2192, '2020-04-07', '22:07:18', 175, 22253, 821, 8704),
(2193, '2020-04-07', '22:07:18', 176, 19, 2, 3),
(2194, '2020-04-07', '22:07:18', 177, 0, 0, 0),
(2195, '2020-04-07', '22:07:18', 178, 2258, 27, 888),
(2196, '2020-04-07', '22:07:18', 179, 1, 0, 0),
(2197, '2020-04-07', '22:07:18', 180, 65, 3, 23),
(2198, '2020-04-07', '22:07:18', 181, 0, 0, 0),
(2199, '2020-04-07', '22:07:18', 182, 106, 8, 1),
(2200, '2020-04-07', '22:07:18', 183, 623, 23, 25),
(2201, '2020-04-07', '22:07:18', 184, 34109, 725, 1582),
(2202, '2020-04-07', '22:07:18', 185, 0, 0, 0),
(2203, '2020-04-07', '22:07:18', 186, 52, 0, 0),
(2204, '2020-04-07', '22:07:18', 187, 1462, 45, 28),
(2205, '2020-04-07', '22:07:18', 188, 2359, 12, 283),
(2206, '2020-04-07', '22:07:18', 189, 55242, 6159, 1918),
(2207, '2020-04-07', '22:07:18', 190, 24, 1, 5),
(2208, '2020-04-07', '22:07:18', 191, 390414, 12474, 21488),
(2209, '2020-04-07', '22:07:18', 192, 43, 1, 0),
(2210, '2020-04-07', '22:07:18', 193, 415, 6, 123),
(2211, '2020-04-07', '22:07:18', 194, 504, 2, 30),
(2212, '2020-04-07', '22:07:18', 195, 0, 0, 0),
(2213, '2020-04-07', '22:07:18', 196, 165, 7, 65),
(2214, '2020-04-07', '22:07:18', 197, 249, 0, 123),
(2215, '2020-04-07', '22:07:18', 198, 4, 0, 0),
(2216, '2020-04-07', '22:07:18', 199, 0, 0, 0),
(2217, '2020-04-07', '22:07:18', 200, 39, 1, 7),
(2218, '2020-04-07', '22:07:18', 201, 10, 1, 0),
(2219, '2020-04-07', '22:07:18', 202, 721, 13, 619),
(2220, '2020-04-07', '22:07:18', 203, 279, 34, 40),
(2221, '2020-04-07', '22:07:18', 204, 79, 1, 4),
(2222, '2020-04-07', '22:07:18', 205, 545, 22, 39),
(2223, '2020-04-07', '22:07:18', 206, 78, 1, 55),
(2224, '2020-04-07', '22:07:18', 207, 184, 0, 120),
(2225, '2020-04-07', '22:07:18', 208, 113, 0, 60),
(2226, '2020-04-07', '22:07:18', 209, 7, 0, 0),
(2227, '2020-04-07', '22:07:18', 210, 6, 0, 1),
(2228, '2020-04-07', '22:07:18', 211, 32, 2, 7),
(2229, '2020-04-07', '22:07:18', 212, 45, 1, 1),
(2230, '2020-04-07', '22:07:18', 213, 0, 0, 0),
(2231, '2020-04-07', '22:07:18', 214, 11, 0, 10),
(2232, '2020-04-07', '22:07:18', 215, 6, 0, 0),
(2233, '2020-04-07', '22:07:18', 216, 40, 6, 6),
(2234, '2020-04-07', '22:07:18', 217, 39, 2, 17),
(2235, '2020-04-07', '22:07:18', 218, 150, 1, 73),
(2236, '2020-04-07', '22:07:18', 219, 15, 0, 1),
(2237, '2020-04-07', '22:07:18', 220, 8, 1, 0),
(2238, '2020-04-07', '22:07:18', 221, 3, 0, 0),
(2239, '2020-04-07', '22:07:18', 222, 11, 0, 0),
(2240, '2020-04-07', '22:07:18', 223, 3, 0, 0),
(2241, '2020-04-07', '22:07:18', 224, 8, 1, 0),
(2242, '2020-04-08', '19:58:07', 1, 444, 14, 29),
(2243, '2020-04-08', '19:58:07', 2, 400, 22, 154),
(2244, '2020-04-08', '19:58:07', 3, 1572, 205, 237),
(2245, '2020-04-08', '19:58:07', 4, 17, 2, 2),
(2246, '2020-04-08', '19:58:07', 5, 19, 2, 0),
(2247, '2020-04-08', '19:58:07', 6, 1715, 63, 338),
(2248, '2020-04-08', '19:58:07', 7, 881, 9, 114),
(2249, '2020-04-08', '19:58:07', 8, 74, 0, 14),
(2250, '2020-04-08', '19:58:07', 9, 6013, 50, 2813),
(2251, '2020-04-08', '19:58:07', 10, 12920, 273, 4512),
(2252, '2020-04-08', '19:58:07', 11, 822, 8, 63),
(2253, '2020-04-08', '19:58:07', 12, 36, 6, 5),
(2254, '2020-04-08', '19:58:07', 13, 821, 5, 467),
(2255, '2020-04-08', '19:58:07', 14, 218, 20, 33),
(2256, '2020-04-08', '19:58:07', 15, 63, 3, 6),
(2257, '2020-04-08', '19:58:07', 16, 1066, 13, 77),
(2258, '2020-04-08', '19:58:07', 17, 23403, 2240, 4681),
(2259, '2020-04-08', '19:58:07', 18, 8, 1, 0),
(2260, '2020-04-08', '19:58:07', 19, 26, 1, 5),
(2261, '2020-04-08', '19:58:07', 20, 5, 0, 2),
(2262, '2020-04-08', '19:58:07', 21, 210, 15, 2),
(2263, '2020-04-08', '19:58:07', 22, 803, 34, 79),
(2264, '2020-04-08', '19:58:07', 23, 6, 1, 0),
(2265, '2020-04-08', '19:58:07', 24, 14324, 706, 127),
(2266, '2020-04-08', '19:58:07', 25, 135, 1, 91),
(2267, '2020-04-08', '19:58:07', 26, 593, 24, 42),
(2268, '2020-04-08', '19:58:07', 27, 384, 19, 127),
(2269, '2020-04-08', '19:58:07', 28, 3, 0, 0),
(2270, '2020-04-08', '19:58:07', 29, 7, 1, 1),
(2271, '2020-04-08', '19:58:07', 30, 117, 0, 63),
(2272, '2020-04-08', '19:58:07', 31, 685, 9, 60),
(2273, '2020-04-08', '19:58:07', 32, 19176, 427, 4474),
(2274, '2020-04-08', '19:58:07', 33, 8, 0, 0),
(2275, '2020-04-08', '19:58:07', 34, 10, 0, 2),
(2276, '2020-04-08', '19:58:07', 35, 335, 7, 34),
(2277, '2020-04-08', '19:58:07', 36, 5546, 48, 1115),
(2278, '2020-04-08', '19:58:07', 37, 81805, 3333, 77292),
(2279, '2020-04-08', '19:58:07', 38, 961, 4, 264),
(2280, '2020-04-08', '19:58:07', 39, 45, 0, 10),
(2281, '2020-04-08', '19:58:07', 40, 379, 5, 67),
(2282, '2020-04-08', '19:58:07', 41, 1780, 50, 100),
(2283, '2020-04-08', '19:58:07', 42, 0, 0, 0),
(2284, '2020-04-08', '19:58:07', 43, 45, 5, 2),
(2285, '2020-04-08', '19:58:07', 44, 483, 2, 24),
(2286, '2020-04-08', '19:58:07', 45, 349, 3, 41),
(2287, '2020-04-08', '19:58:07', 46, 1343, 19, 179),
(2288, '2020-04-08', '19:58:07', 47, 457, 12, 27),
(2289, '2020-04-08', '19:58:07', 48, 13, 1, 7),
(2290, '2020-04-08', '19:58:07', 49, 526, 13, 52),
(2291, '2020-04-08', '19:58:07', 50, 5221, 99, 233),
(2292, '2020-04-08', '19:58:07', 51, 0, 0, 0),
(2293, '2020-04-08', '19:58:07', 52, 180, 18, 9),
(2294, '2020-04-08', '19:58:07', 53, 5402, 218, 1621),
(2295, '2020-04-08', '19:58:07', 54, 135, 0, 25),
(2296, '2020-04-08', '19:58:07', 55, 2111, 108, 50),
(2297, '2020-04-08', '19:58:07', 56, 4450, 242, 140),
(2298, '2020-04-08', '19:58:07', 57, 1450, 94, 276),
(2299, '2020-04-08', '19:58:07', 58, 93, 5, 9),
(2300, '2020-04-08', '19:58:07', 59, 16, 0, 3),
(2301, '2020-04-08', '19:58:07', 60, 31, 0, 0),
(2302, '2020-04-08', '19:58:07', 61, 1185, 24, 72),
(2303, '2020-04-08', '19:58:07', 62, 12, 0, 4),
(2304, '2020-04-08', '19:58:07', 63, 55, 2, 4),
(2305, '2020-04-08', '19:58:07', 64, 15, 0, 0),
(2306, '2020-04-08', '19:58:07', 65, 2487, 40, 300),
(2307, '2020-04-08', '19:58:07', 66, 112950, 10869, 21254),
(2308, '2020-04-08', '19:58:07', 67, 77, 0, 34),
(2309, '2020-04-08', '19:58:07', 68, 47, 0, 0),
(2310, '2020-04-08', '19:58:07', 69, 30, 1, 1),
(2311, '2020-04-08', '19:58:07', 70, 4, 1, 2),
(2312, '2020-04-08', '19:58:07', 71, 208, 3, 50),
(2313, '2020-04-08', '19:58:07', 72, 110100, 2174, 42751),
(2314, '2020-04-08', '19:58:07', 73, 313, 6, 34),
(2315, '2020-04-08', '19:58:07', 74, 1884, 83, 273),
(2316, '2020-04-08', '19:58:07', 75, 12, 0, 0),
(2317, '2020-04-08', '19:58:07', 76, 139, 7, 31),
(2318, '2020-04-08', '19:58:07', 77, 121, 4, 0),
(2319, '2020-04-08', '19:58:07', 78, 87, 3, 17),
(2320, '2020-04-08', '19:58:07', 79, 144, 1, 5),
(2321, '2020-04-08', '19:58:07', 80, 33, 0, 0),
(2322, '2020-04-08', '19:58:07', 81, 33, 5, 8),
(2323, '2020-04-08', '19:58:07', 82, 27, 1, 1),
(2324, '2020-04-08', '19:58:07', 83, 312, 22, 6),
(2325, '2020-04-08', '19:58:07', 84, 895, 58, 94),
(2326, '2020-04-08', '19:58:07', 85, 1616, 6, 633),
(2327, '2020-04-08', '19:58:07', 86, 5916, 179, 507),
(2328, '2020-04-08', '19:58:07', 87, 2956, 240, 222),
(2329, '2020-04-08', '19:58:07', 88, 64586, 3993, 29812),
(2330, '2020-04-08', '19:58:07', 89, 1202, 69, 452),
(2331, '2020-04-08', '19:58:07', 90, 6074, 235, 25),
(2332, '2020-04-08', '19:58:07', 91, 9404, 72, 801),
(2333, '2020-04-08', '19:58:07', 92, 139422, 17669, 26491),
(2334, '2020-04-08', '19:58:07', 93, 63, 3, 10),
(2335, '2020-04-08', '19:58:07', 94, 4961, 103, 681),
(2336, '2020-04-08', '19:58:07', 95, 358, 6, 150),
(2337, '2020-04-08', '19:58:07', 96, 718, 7, 54),
(2338, '2020-04-08', '19:58:07', 97, 179, 6, 9),
(2339, '2020-04-08', '19:58:07', 98, 0, 0, 0),
(2340, '2020-04-08', '19:58:07', 99, 855, 1, 111),
(2341, '2020-04-08', '19:58:07', 100, 270, 4, 33),
(2342, '2020-04-08', '19:58:07', 101, 15, 0, 0),
(2343, '2020-04-08', '19:58:07', 102, 577, 2, 16),
(2344, '2020-04-08', '19:58:07', 103, 575, 19, 62),
(2345, '2020-04-08', '19:58:07', 104, 0, 0, 0),
(2346, '2020-04-08', '19:58:07', 105, 31, 4, 3),
(2347, '2020-04-08', '19:58:07', 106, 21, 1, 2),
(2348, '2020-04-08', '19:58:07', 107, 912, 15, 8),
(2349, '2020-04-08', '19:58:07', 108, 3034, 46, 500),
(2350, '2020-04-08', '19:58:07', 109, 93, 0, 11),
(2351, '2020-04-08', '19:58:08', 110, 8, 1, 0),
(2352, '2020-04-08', '19:58:08', 111, 4119, 65, 1487),
(2353, '2020-04-08', '19:58:08', 112, 19, 0, 13),
(2354, '2020-04-08', '19:58:08', 113, 59, 7, 16),
(2355, '2020-04-08', '19:58:08', 114, 299, 1, 5),
(2356, '2020-04-08', '19:58:08', 115, 152, 4, 50),
(2357, '2020-04-08', '19:58:08', 116, 6, 1, 2),
(2358, '2020-04-08', '19:58:08', 117, 273, 7, 19),
(2359, '2020-04-08', '19:58:08', 118, 171, 2, 22),
(2360, '2020-04-08', '19:58:08', 119, 2785, 141, 1141),
(2361, '2020-04-08', '19:58:08', 256, 0, 0, 0),
(2362, '2020-04-08', '19:58:08', 121, 16, 0, 4),
(2363, '2020-04-08', '19:58:08', 122, 248, 2, 4),
(2364, '2020-04-08', '19:58:08', 123, 1275, 93, 97),
(2365, '2020-04-08', '19:58:08', 124, 17, 0, 1),
(2366, '2020-04-08', '19:58:08', 125, 22, 3, 0),
(2367, '2020-04-08', '19:58:08', 126, 16, 0, 3),
(2368, '2020-04-08', '19:58:08', 127, 9, 0, 1),
(2369, '2020-04-08', '19:58:08', 128, 20549, 2248, 250),
(2370, '2020-04-08', '19:58:08', 129, 18, 0, 1),
(2371, '2020-04-08', '19:58:08', 130, 1210, 1, 282),
(2372, '2020-04-08', '19:58:08', 131, 6, 1, 0),
(2373, '2020-04-08', '19:58:08', 132, 278, 11, 26),
(2374, '2020-04-08', '19:58:08', 133, 254, 7, 44),
(2375, '2020-04-08', '19:58:08', 134, 617, 30, 35),
(2376, '2020-04-08', '19:58:08', 135, 6086, 101, 32),
(2377, '2020-04-08', '19:58:08', 136, 419, 2, 72),
(2378, '2020-04-08', '19:58:08', 137, 4207, 61, 560),
(2379, '2020-04-08', '19:58:08', 138, 2249, 59, 16),
(2380, '2020-04-08', '19:58:08', 139, 2, 0, 0),
(2381, '2020-04-08', '19:58:08', 140, 119, 5, 15),
(2382, '2020-04-08', '19:58:08', 141, 2954, 107, 1301),
(2383, '2020-04-08', '19:58:08', 142, 3870, 182, 96),
(2384, '2020-04-08', '19:58:08', 143, 5205, 159, 222),
(2385, '2020-04-08', '19:58:08', 144, 13141, 380, 196),
(2386, '2020-04-08', '19:58:08', 145, 620, 24, 2),
(2387, '2020-04-08', '19:58:08', 146, 2210, 6, 178),
(2388, '2020-04-08', '19:58:08', 147, 10384, 204, 6776),
(2389, '2020-04-08', '19:58:08', 148, 1174, 27, 40),
(2390, '2020-04-08', '19:58:08', 149, 358, 0, 40),
(2391, '2020-04-08', '19:58:08', 150, 4761, 215, 528),
(2392, '2020-04-08', '19:58:08', 151, 8672, 63, 580),
(2393, '2020-04-08', '19:58:08', 152, 105, 0, 7),
(2394, '2020-04-08', '19:58:08', 153, 14, 0, 1),
(2395, '2020-04-08', '19:58:08', 154, 8, 0, 1),
(2396, '2020-04-08', '19:58:08', 155, 0, 0, 0),
(2397, '2020-04-08', '19:58:08', 156, 4, 0, 0),
(2398, '2020-04-08', '19:58:08', 157, 2932, 41, 631),
(2399, '2020-04-08', '19:58:08', 158, 244, 2, 113),
(2400, '2020-04-08', '19:58:08', 159, 2666, 65, 178),
(2401, '2020-04-08', '19:58:08', 160, 11, 0, 0),
(2402, '2020-04-08', '19:58:08', 161, 7, 0, 0),
(2403, '2020-04-08', '19:58:08', 162, 1623, 6, 406),
(2404, '2020-04-08', '19:58:08', 163, 690, 2, 16),
(2405, '2020-04-08', '19:58:08', 164, 1091, 40, 120),
(2406, '2020-04-08', '19:58:08', 165, 0, 0, 0),
(2407, '2020-04-08', '19:58:08', 166, 12, 1, 1),
(2408, '2020-04-08', '19:58:08', 167, 1749, 13, 95),
(2409, '2020-04-08', '19:58:08', 168, 2, 0, 0),
(2410, '2020-04-08', '19:58:08', 169, 146690, 14673, 48021),
(2411, '2020-04-08', '19:58:08', 170, 189, 7, 44),
(2412, '2020-04-08', '19:58:08', 171, 263, 1, 44),
(2413, '2020-04-08', '19:58:08', 172, 14, 2, 2),
(2414, '2020-04-08', '19:58:08', 173, 10, 1, 3),
(2415, '2020-04-08', '19:58:08', 174, 8419, 687, 205),
(2416, '2020-04-08', '19:58:08', 175, 23280, 895, 9800),
(2417, '2020-04-08', '19:58:08', 176, 19, 2, 3),
(2418, '2020-04-08', '19:58:08', 177, 0, 0, 0),
(2419, '2020-04-08', '19:58:08', 178, 2369, 30, 888),
(2420, '2020-04-08', '19:58:08', 179, 1, 0, 0),
(2421, '2020-04-08', '19:58:08', 180, 70, 3, 23),
(2422, '2020-04-08', '19:58:08', 181, 0, 0, 0),
(2423, '2020-04-08', '19:58:08', 182, 107, 8, 1),
(2424, '2020-04-08', '19:58:08', 183, 623, 23, 25),
(2425, '2020-04-08', '19:58:08', 184, 38226, 812, 1846),
(2426, '2020-04-08', '19:58:08', 185, 0, 0, 0),
(2427, '2020-04-08', '19:58:08', 186, 52, 0, 0),
(2428, '2020-04-08', '19:58:08', 187, 1668, 52, 35),
(2429, '2020-04-08', '19:58:08', 188, 2659, 12, 239),
(2430, '2020-04-08', '19:58:08', 189, 60733, 7097, 1918),
(2431, '2020-04-08', '19:58:08', 190, 25, 1, 5),
(2432, '2020-04-08', '19:58:08', 191, 418044, 14214, 22775),
(2433, '2020-04-08', '19:58:08', 192, 43, 1, 0),
(2434, '2020-04-08', '19:58:08', 193, 424, 7, 150),
(2435, '2020-04-08', '19:58:08', 194, 545, 3, 30),
(2436, '2020-04-08', '19:58:08', 195, 0, 0, 0),
(2437, '2020-04-08', '19:58:08', 196, 166, 7, 65),
(2438, '2020-04-08', '19:58:08', 197, 251, 0, 126),
(2439, '2020-04-08', '19:58:08', 198, 4, 0, 0),
(2440, '2020-04-08', '19:58:08', 199, 0, 0, 0),
(2441, '2020-04-08', '19:58:08', 200, 39, 1, 7),
(2442, '2020-04-08', '19:58:08', 201, 11, 2, 0),
(2443, '2020-04-08', '19:58:08', 202, 721, 13, 620),
(2444, '2020-04-08', '19:58:08', 203, 279, 34, 40),
(2445, '2020-04-08', '19:58:08', 204, 81, 1, 4),
(2446, '2020-04-08', '19:58:08', 205, 564, 23, 52),
(2447, '2020-04-08', '19:58:08', 206, 78, 1, 55),
(2448, '2020-04-08', '19:58:08', 207, 184, 0, 131),
(2449, '2020-04-08', '19:58:08', 208, 120, 0, 60),
(2450, '2020-04-08', '19:58:08', 209, 7, 0, 0),
(2451, '2020-04-08', '19:58:08', 210, 6, 0, 1),
(2452, '2020-04-08', '19:58:08', 211, 32, 2, 7),
(2453, '2020-04-08', '19:58:08', 212, 45, 1, 6),
(2454, '2020-04-08', '19:58:08', 213, 184, 5, 30),
(2455, '2020-04-08', '19:58:08', 214, 11, 0, 11),
(2456, '2020-04-08', '19:58:08', 215, 9, 0, 0),
(2457, '2020-04-08', '19:58:08', 216, 40, 6, 6),
(2458, '2020-04-08', '19:58:08', 217, 39, 2, 17),
(2459, '2020-04-08', '19:58:08', 218, 158, 1, 82),
(2460, '2020-04-08', '19:58:08', 219, 15, 0, 1),
(2461, '2020-04-08', '19:58:08', 220, 8, 1, 0),
(2462, '2020-04-08', '19:58:08', 221, 3, 0, 0),
(2463, '2020-04-08', '19:58:08', 222, 11, 0, 0),
(2464, '2020-04-08', '19:58:08', 223, 3, 0, 0),
(2465, '2020-04-08', '19:58:08', 224, 11, 2, 0),
(2466, '2020-04-09', '16:29:00', 1, 484, 15, 32),
(2467, '2020-04-09', '16:29:00', 2, 409, 22, 165),
(2468, '2020-04-09', '16:29:00', 3, 1572, 205, 237),
(2469, '2020-04-09', '16:29:00', 4, 19, 2, 2),
(2470, '2020-04-09', '16:29:00', 5, 19, 2, 0),
(2471, '2020-04-09', '16:29:00', 6, 1795, 70, 358),
(2472, '2020-04-09', '16:29:00', 7, 921, 10, 138),
(2473, '2020-04-09', '16:29:00', 8, 77, 0, 14),
(2474, '2020-04-09', '16:29:00', 9, 6108, 51, 2987),
(2475, '2020-04-09', '16:29:00', 10, 13163, 295, 5240),
(2476, '2020-04-09', '16:29:00', 11, 926, 9, 101),
(2477, '2020-04-09', '16:29:00', 12, 40, 7, 5),
(2478, '2020-04-09', '16:29:00', 13, 855, 5, 495),
(2479, '2020-04-09', '16:29:00', 14, 330, 21, 33),
(2480, '2020-04-09', '16:29:00', 15, 63, 3, 8),
(2481, '2020-04-09', '16:29:00', 16, 1486, 16, 139),
(2482, '2020-04-09', '16:29:00', 17, 24983, 2523, 5164),
(2483, '2020-04-09', '16:29:00', 18, 8, 1, 0),
(2484, '2020-04-09', '16:29:00', 19, 26, 1, 5),
(2485, '2020-04-09', '16:29:00', 20, 5, 0, 2),
(2486, '2020-04-09', '16:29:00', 21, 264, 18, 2),
(2487, '2020-04-09', '16:29:00', 22, 841, 35, 97),
(2488, '2020-04-09', '16:29:00', 23, 13, 1, 0),
(2489, '2020-04-09', '16:29:00', 24, 16238, 823, 173),
(2490, '2020-04-09', '16:29:00', 25, 135, 1, 92),
(2491, '2020-04-09', '16:29:00', 26, 611, 24, 48),
(2492, '2020-04-09', '16:29:00', 27, 414, 23, 134),
(2493, '2020-04-09', '16:29:00', 28, 3, 0, 0),
(2494, '2020-04-09', '16:29:00', 29, 7, 1, 1),
(2495, '2020-04-09', '16:29:00', 30, 119, 0, 63),
(2496, '2020-04-09', '16:29:00', 31, 730, 10, 60),
(2497, '2020-04-09', '16:29:00', 32, 19438, 436, 4653),
(2498, '2020-04-09', '16:29:00', 33, 8, 0, 0),
(2499, '2020-04-09', '16:29:00', 34, 10, 0, 2),
(2500, '2020-04-09', '16:29:00', 35, 361, 8, 40),
(2501, '2020-04-09', '16:29:00', 36, 5972, 57, 1274),
(2502, '2020-04-09', '16:29:00', 37, 81866, 3335, 77376),
(2503, '2020-04-09', '16:29:00', 38, 974, 4, 293),
(2504, '2020-04-09', '16:29:00', 39, 45, 0, 10),
(2505, '2020-04-09', '16:29:00', 40, 380, 5, 80),
(2506, '2020-04-09', '16:29:00', 41, 2054, 55, 123),
(2507, '2020-04-09', '16:29:00', 42, 0, 0, 0),
(2508, '2020-04-09', '16:29:00', 43, 60, 5, 5),
(2509, '2020-04-09', '16:29:00', 44, 502, 3, 29),
(2510, '2020-04-09', '16:29:00', 45, 384, 3, 48),
(2511, '2020-04-09', '16:29:00', 46, 1407, 20, 219),
(2512, '2020-04-09', '16:29:00', 47, 457, 12, 27),
(2513, '2020-04-09', '16:29:00', 48, 14, 1, 7),
(2514, '2020-04-09', '16:29:00', 49, 526, 13, 52),
(2515, '2020-04-09', '16:29:00', 50, 5335, 104, 243),
(2516, '2020-04-09', '16:29:00', 51, 0, 0, 0),
(2517, '2020-04-09', '16:29:00', 52, 180, 18, 9),
(2518, '2020-04-09', '16:29:00', 53, 5635, 237, 1736),
(2519, '2020-04-09', '16:29:00', 54, 135, 0, 25),
(2520, '2020-04-09', '16:29:00', 55, 2111, 108, 50),
(2521, '2020-04-09', '16:29:00', 56, 4450, 242, 140),
(2522, '2020-04-09', '16:29:00', 57, 1560, 103, 305),
(2523, '2020-04-09', '16:29:00', 58, 103, 5, 10),
(2524, '2020-04-09', '16:29:00', 59, 18, 0, 3),
(2525, '2020-04-09', '16:29:00', 60, 33, 0, 0),
(2526, '2020-04-09', '16:29:00', 61, 1207, 24, 83),
(2527, '2020-04-09', '16:29:00', 62, 12, 0, 7),
(2528, '2020-04-09', '16:29:00', 63, 56, 2, 4),
(2529, '2020-04-09', '16:29:00', 64, 15, 0, 0),
(2530, '2020-04-09', '16:29:00', 65, 2605, 42, 300),
(2531, '2020-04-09', '16:29:00', 66, 112950, 10869, 21254),
(2532, '2020-04-09', '16:29:00', 67, 83, 0, 43),
(2533, '2020-04-09', '16:29:00', 68, 51, 0, 0),
(2534, '2020-04-09', '16:29:00', 69, 34, 1, 1),
(2535, '2020-04-09', '16:29:00', 70, 4, 1, 2),
(2536, '2020-04-09', '16:29:00', 71, 214, 3, 50),
(2537, '2020-04-09', '16:29:00', 72, 113753, 2280, 45172),
(2538, '2020-04-09', '16:29:00', 73, 313, 6, 34),
(2539, '2020-04-09', '16:29:00', 74, 1884, 83, 273),
(2540, '2020-04-09', '16:29:00', 75, 12, 0, 0),
(2541, '2020-04-09', '16:29:00', 76, 141, 8, 43),
(2542, '2020-04-09', '16:29:00', 77, 121, 4, 0),
(2543, '2020-04-09', '16:29:00', 78, 87, 3, 17),
(2544, '2020-04-09', '16:29:00', 79, 164, 1, 5),
(2545, '2020-04-09', '16:29:00', 80, 33, 0, 0),
(2546, '2020-04-09', '16:29:00', 81, 37, 6, 8),
(2547, '2020-04-09', '16:29:00', 82, 30, 2, 1),
(2548, '2020-04-09', '16:29:00', 83, 343, 23, 6),
(2549, '2020-04-09', '16:29:00', 84, 980, 66, 96),
(2550, '2020-04-09', '16:29:00', 85, 1648, 6, 688),
(2551, '2020-04-09', '16:29:00', 86, 6517, 196, 594),
(2552, '2020-04-09', '16:29:00', 87, 3293, 280, 252),
(2553, '2020-04-09', '16:29:00', 88, 66220, 4110, 32309),
(2554, '2020-04-09', '16:29:00', 89, 1202, 69, 452),
(2555, '2020-04-09', '16:29:00', 90, 6074, 235, 25),
(2556, '2020-04-09', '16:29:00', 91, 9775, 79, 864),
(2557, '2020-04-09', '16:29:00', 92, 139715, 17722, 26491),
(2558, '2020-04-09', '16:29:00', 93, 63, 4, 10),
(2559, '2020-04-09', '16:29:00', 94, 5537, 107, 681),
(2560, '2020-04-09', '16:29:00', 95, 358, 6, 150),
(2561, '2020-04-09', '16:29:00', 96, 764, 7, 60),
(2562, '2020-04-09', '16:29:00', 97, 184, 7, 12),
(2563, '2020-04-09', '16:29:00', 98, 0, 0, 0),
(2564, '2020-04-09', '16:29:00', 99, 910, 1, 111),
(2565, '2020-04-09', '16:29:00', 100, 280, 4, 35),
(2566, '2020-04-09', '16:29:00', 101, 16, 0, 0),
(2567, '2020-04-09', '16:29:00', 102, 589, 2, 16),
(2568, '2020-04-09', '16:29:00', 103, 582, 19, 62),
(2569, '2020-04-09', '16:29:00', 104, 0, 0, 0),
(2570, '2020-04-09', '16:29:00', 105, 31, 4, 3),
(2571, '2020-04-09', '16:29:00', 106, 21, 1, 8),
(2572, '2020-04-09', '16:29:00', 107, 955, 16, 8),
(2573, '2020-04-09', '16:29:00', 108, 3034, 46, 500),
(2574, '2020-04-09', '16:29:00', 109, 93, 0, 11),
(2575, '2020-04-09', '16:29:00', 110, 8, 1, 0),
(2576, '2020-04-09', '16:29:00', 111, 4228, 67, 1608),
(2577, '2020-04-09', '16:29:00', 112, 19, 0, 13),
(2578, '2020-04-09', '16:29:00', 113, 59, 7, 16),
(2579, '2020-04-09', '16:29:00', 114, 337, 2, 16),
(2580, '2020-04-09', '16:29:00', 115, 154, 6, 50),
(2581, '2020-04-09', '16:29:00', 116, 7, 1, 2),
(2582, '2020-04-09', '16:29:00', 117, 273, 7, 19),
(2583, '2020-04-09', '16:29:00', 118, 184, 2, 22),
(2584, '2020-04-09', '16:29:00', 119, 3181, 174, 1141),
(2585, '2020-04-09', '16:29:00', 256, 0, 0, 0),
(2586, '2020-04-09', '16:29:00', 121, 16, 0, 4),
(2587, '2020-04-09', '16:29:00', 122, 252, 2, 4),
(2588, '2020-04-09', '16:29:00', 123, 1346, 96, 103),
(2589, '2020-04-09', '16:29:00', 124, 17, 0, 1),
(2590, '2020-04-09', '16:29:00', 125, 23, 3, 1),
(2591, '2020-04-09', '16:29:00', 126, 16, 0, 3),
(2592, '2020-04-09', '16:29:00', 127, 9, 0, 1),
(2593, '2020-04-09', '16:29:00', 128, 21762, 2396, 250),
(2594, '2020-04-09', '16:29:00', 129, 18, 0, 1),
(2595, '2020-04-09', '16:29:00', 130, 1239, 1, 317),
(2596, '2020-04-09', '16:29:00', 131, 6, 1, 0),
(2597, '2020-04-09', '16:29:00', 132, 342, 11, 28),
(2598, '2020-04-09', '16:29:00', 133, 276, 7, 44),
(2599, '2020-04-09', '16:29:00', 134, 663, 30, 37),
(2600, '2020-04-09', '16:29:00', 135, 6160, 105, 32),
(2601, '2020-04-09', '16:29:00', 136, 457, 2, 109),
(2602, '2020-04-09', '16:29:00', 137, 4462, 64, 689),
(2603, '2020-04-09', '16:29:00', 138, 2528, 63, 16),
(2604, '2020-04-09', '16:29:00', 139, 2, 0, 0),
(2605, '2020-04-09', '16:29:00', 140, 124, 5, 18),
(2606, '2020-04-09', '16:29:00', 141, 4342, 122, 1333),
(2607, '2020-04-09', '16:29:00', 142, 4076, 203, 124),
(2608, '2020-04-09', '16:29:00', 143, 5341, 164, 284),
(2609, '2020-04-09', '16:29:00', 144, 13956, 409, 205),
(2610, '2020-04-09', '16:29:00', 145, 620, 24, 2),
(2611, '2020-04-09', '16:29:00', 146, 2376, 6, 206),
(2612, '2020-04-09', '16:29:00', 147, 10423, 204, 6973),
(2613, '2020-04-09', '16:29:00', 148, 1174, 28, 50),
(2614, '2020-04-09', '16:29:00', 149, 362, 0, 40),
(2615, '2020-04-09', '16:29:00', 150, 5202, 229, 647),
(2616, '2020-04-09', '16:29:00', 151, 10131, 76, 698),
(2617, '2020-04-09', '16:29:00', 152, 110, 0, 7),
(2618, '2020-04-09', '16:29:00', 153, 14, 0, 1),
(2619, '2020-04-09', '16:29:00', 154, 8, 0, 1),
(2620, '2020-04-09', '16:29:00', 155, 0, 0, 0),
(2621, '2020-04-09', '16:29:00', 156, 4, 0, 0),
(2622, '2020-04-09', '16:29:00', 157, 3287, 44, 666),
(2623, '2020-04-09', '16:29:00', 158, 250, 2, 124),
(2624, '2020-04-09', '16:29:00', 159, 2867, 66, 178),
(2625, '2020-04-09', '16:29:00', 160, 11, 0, 0),
(2626, '2020-04-09', '16:29:00', 161, 7, 0, 0),
(2627, '2020-04-09', '16:29:00', 162, 1910, 6, 460),
(2628, '2020-04-09', '16:29:00', 163, 701, 2, 23),
(2629, '2020-04-09', '16:29:00', 164, 1124, 43, 128),
(2630, '2020-04-09', '16:29:00', 165, 0, 0, 0),
(2631, '2020-04-09', '16:29:00', 166, 12, 1, 1),
(2632, '2020-04-09', '16:29:00', 167, 1845, 18, 95),
(2633, '2020-04-09', '16:29:00', 168, 3, 0, 0),
(2634, '2020-04-09', '16:29:00', 169, 152446, 15238, 52165),
(2635, '2020-04-09', '16:29:00', 170, 190, 7, 49),
(2636, '2020-04-09', '16:29:00', 171, 263, 1, 44),
(2637, '2020-04-09', '16:29:00', 172, 14, 2, 2),
(2638, '2020-04-09', '16:29:00', 173, 10, 1, 4),
(2639, '2020-04-09', '16:29:00', 174, 9141, 793, 205),
(2640, '2020-04-09', '16:29:00', 175, 23758, 932, 9900),
(2641, '2020-04-09', '16:29:00', 176, 19, 2, 4),
(2642, '2020-04-09', '16:29:00', 177, 0, 0, 0),
(2643, '2020-04-09', '16:29:00', 178, 2423, 32, 940),
(2644, '2020-04-09', '16:29:00', 179, 1, 0, 0),
(2645, '2020-04-09', '16:29:00', 180, 73, 3, 24),
(2646, '2020-04-09', '16:29:00', 181, 0, 0, 0),
(2647, '2020-04-09', '16:29:00', 182, 107, 8, 1),
(2648, '2020-04-09', '16:29:00', 183, 628, 24, 25),
(2649, '2020-04-09', '16:29:00', 184, 38226, 812, 1846),
(2650, '2020-04-09', '16:29:00', 185, 0, 0, 0),
(2651, '2020-04-09', '16:29:00', 186, 53, 0, 0),
(2652, '2020-04-09', '16:29:00', 187, 1892, 57, 45),
(2653, '2020-04-09', '16:29:01', 188, 2659, 12, 239),
(2654, '2020-04-09', '16:29:01', 189, 60733, 7097, 1918),
(2655, '2020-04-09', '16:29:01', 190, 25, 1, 5),
(2656, '2020-04-09', '16:29:01', 191, 435780, 14865, 24213),
(2657, '2020-04-09', '16:29:01', 192, 43, 1, 0),
(2658, '2020-04-09', '16:29:01', 193, 456, 7, 192),
(2659, '2020-04-09', '16:29:01', 194, 582, 3, 38),
(2660, '2020-04-09', '16:29:01', 195, 0, 0, 0),
(2661, '2020-04-09', '16:29:01', 196, 167, 9, 65),
(2662, '2020-04-09', '16:29:01', 197, 255, 0, 128),
(2663, '2020-04-09', '16:29:01', 198, 4, 0, 0),
(2664, '2020-04-09', '16:29:01', 199, 0, 0, 0),
(2665, '2020-04-09', '16:29:01', 200, 39, 1, 7),
(2666, '2020-04-09', '16:29:01', 201, 11, 3, 0),
(2667, '2020-04-09', '16:29:01', 202, 721, 13, 638),
(2668, '2020-04-09', '16:29:01', 203, 308, 34, 45),
(2669, '2020-04-09', '16:29:01', 204, 81, 1, 4),
(2670, '2020-04-09', '16:29:01', 205, 583, 25, 58),
(2671, '2020-04-09', '16:29:01', 206, 78, 1, 55),
(2672, '2020-04-09', '16:29:01', 207, 184, 0, 136),
(2673, '2020-04-09', '16:29:01', 208, 120, 0, 60),
(2674, '2020-04-09', '16:29:01', 209, 8, 0, 2),
(2675, '2020-04-09', '16:29:01', 210, 6, 0, 1),
(2676, '2020-04-09', '16:29:01', 211, 32, 2, 7),
(2677, '2020-04-09', '16:29:01', 212, 45, 1, 6),
(2678, '2020-04-09', '16:29:01', 213, 224, 6, 37),
(2679, '2020-04-09', '16:29:01', 214, 11, 0, 11),
(2680, '2020-04-09', '16:29:01', 215, 9, 0, 0),
(2681, '2020-04-09', '16:29:01', 216, 43, 6, 6),
(2682, '2020-04-09', '16:29:01', 217, 39, 3, 23),
(2683, '2020-04-09', '16:29:01', 218, 171, 1, 88),
(2684, '2020-04-09', '16:29:01', 219, 15, 0, 1),
(2685, '2020-04-09', '16:29:01', 220, 8, 1, 0),
(2686, '2020-04-09', '16:29:01', 221, 3, 0, 0),
(2687, '2020-04-09', '16:29:01', 222, 11, 0, 0),
(2688, '2020-04-09', '16:29:01', 223, 3, 0, 0),
(2689, '2020-04-09', '16:29:01', 224, 11, 2, 0);

-- --------------------------------------------------------

--
-- Struktura tabeli dla tabeli `covid_global_nations`
--

CREATE TABLE `covid_global_nations` (
  `id` int(10) UNSIGNED NOT NULL,
  `name` varchar(100) NOT NULL,
  `short` varchar(15) DEFAULT NULL,
  `region` int(11) DEFAULT NULL,
  `code` varchar(2) DEFAULT NULL
) ENGINE=InnoDB DEFAULT CHARSET=utf8mb4;

--
-- Zrzut danych tabeli `covid_global_nations`
--

INSERT INTO `covid_global_nations` (`id`, `name`, `short`, `region`, `code`) VALUES
(1, 'afghanistan', NULL, 4, 'af'),
(2, 'albania', NULL, 1, 'al'),
(3, 'algeria', NULL, 5, 'dz'),
(4, 'angola', NULL, 5, 'ao'),
(5, 'antigua and barbuda', NULL, 8, 'ag'),
(6, 'argentina', NULL, 2, 'ar'),
(7, 'armenia', NULL, 4, 'am'),
(8, 'aruba', NULL, 8, 'aw'),
(9, 'australia', NULL, 9, 'au'),
(10, 'austria', NULL, 1, 'at'),
(11, 'azerbaijan', NULL, 4, 'az'),
(12, 'bahamas', NULL, 8, 'bs'),
(13, 'bahrain', NULL, 4, 'bh'),
(14, 'bangladesh', NULL, 4, 'bd'),
(15, 'barbados', NULL, 8, 'bb'),
(16, 'belarus', NULL, 1, 'by'),
(17, 'belgium', NULL, 1, 'be'),
(18, 'belize', NULL, 8, 'bz'),
(19, 'benin', NULL, 5, 'bi'),
(20, 'bhutan', NULL, 4, 'bt'),
(21, 'bolivia', NULL, 2, 'bo'),
(22, 'bosnia-herzegovina', 'bos.-herz.', 1, 'ba'),
(23, 'botswana', NULL, 5, 'bw'),
(24, 'brazil', NULL, 2, 'br'),
(25, 'brunei', NULL, 4, 'bn'),
(26, 'bulgaria', NULL, 1, 'bg'),
(27, 'burkina faso', NULL, 5, 'bf'),
(28, 'burundi', NULL, 5, 'bi'),
(29, 'cabo verde', NULL, 5, 'cv'),
(30, 'cambodia', NULL, 4, 'kh'),
(31, 'cameroon', NULL, 5, 'cm'),
(32, 'canada', NULL, 3, 'ca'),
(33, 'central african republic', 'car', 5, 'cf'),
(34, 'chad', NULL, 5, 'td'),
(35, 'channel islands', 'chann. isl', 1, NULL),
(36, 'chile', NULL, 2, 'cl'),
(37, 'china, mainland', 'china', 4, 'cn'),
(38, 'hong kong', NULL, 4, 'hk'),
(39, 'macau', NULL, 4, 'mo'),
(40, 'taiwan', NULL, 4, 'tw'),
(41, 'colombia', NULL, 2, 'co'),
(42, 'comoros', NULL, 5, 'km'),
(43, 'congo', NULL, 5, 'cg'),
(44, 'costa rica', NULL, 8, 'cr'),
(45, 'cote d\'ivoire', NULL, 5, 'ci'),
(46, 'croatia', NULL, 1, 'hr'),
(47, 'cuba', NULL, 3, 'cu'),
(48, 'curacao', NULL, 2, 'cw'),
(49, 'cyprus', NULL, 1, 'cy'),
(50, 'czech republic', 'czechia', 1, 'cz'),
(51, 'dpr korea', NULL, 4, 'kp'),
(52, 'dr congo', NULL, 5, 'cd'),
(53, 'denmark', NULL, 1, 'dk'),
(54, 'djibouti', NULL, 5, 'dj'),
(55, 'dominican republic', 'dominican', 3, 'do'),
(56, 'ecuador', NULL, 2, 'ec'),
(57, 'egypt', NULL, 5, 'eg'),
(58, 'el salvador', NULL, 8, 'sv'),
(59, 'equatorial guinea', NULL, 5, 'gq'),
(60, 'eritrea', NULL, 5, 'er'),
(61, 'estonia', NULL, 1, 'ee'),
(62, 'eswatini', NULL, 5, NULL),
(63, 'ethiopia', NULL, 5, 'et'),
(64, 'fiji', NULL, 9, 'fj'),
(65, 'finland', NULL, 1, 'fi'),
(66, 'france', NULL, 1, 'fr'),
(67, 'french guiana', 'f.guiana', 2, 'gf'),
(68, 'french polynesia', 'f.polynes.', 9, 'pf'),
(69, 'gabon', NULL, 5, 'ga'),
(70, 'gambia', NULL, 5, 'gm'),
(71, 'georgia', NULL, 1, 'ge'),
(72, 'germany', NULL, 1, 'de'),
(73, 'ghana', NULL, 5, 'gh'),
(74, 'greece', NULL, 1, 'gr'),
(75, 'grenada', NULL, 3, 'gd'),
(76, 'guadeloupe', NULL, 3, 'gp'),
(77, 'guam', NULL, 9, 'gu'),
(78, 'guatemala', NULL, 8, 'gt'),
(79, 'guinea', NULL, 5, 'gn'),
(80, 'guinea-bissau', NULL, 5, 'gw'),
(81, 'guyana', NULL, 2, 'gy'),
(82, 'haiti', NULL, 8, 'ht'),
(83, 'honduras', NULL, 3, 'hn'),
(84, 'hungary', NULL, 1, 'hu'),
(85, 'iceland', NULL, 1, 'is'),
(86, 'india', NULL, 4, 'in'),
(87, 'indonesia', NULL, 4, 'id'),
(88, 'iran', NULL, 4, 'ir'),
(89, 'iraq', NULL, 4, 'iq'),
(90, 'ireland', NULL, 1, 'ie'),
(91, 'israel', NULL, 4, 'il'),
(92, 'italy', NULL, 1, 'it'),
(93, 'jamaica', NULL, 8, 'jm'),
(94, 'japan', NULL, 4, 'jp'),
(95, 'jordan', NULL, 4, 'jo'),
(96, 'kazakhstan', NULL, 4, 'kz'),
(97, 'kenya', NULL, 5, 'ke'),
(98, 'kiribati', NULL, 9, 'ki'),
(99, 'kuwait', NULL, 4, 'kw'),
(100, 'kyrgyzstan', NULL, 4, 'kg'),
(101, 'laos', NULL, 4, 'ls'),
(102, 'latvia', NULL, 1, 'lv'),
(103, 'lebanon', NULL, 4, 'lb'),
(104, 'lesotho', NULL, 5, 'ls'),
(105, 'liberia', NULL, 5, 'lr'),
(106, 'libya', NULL, 5, 'ly'),
(107, 'lithuania', NULL, 1, 'lt'),
(108, 'luxembourg', NULL, 1, 'lu'),
(109, 'madagascar', NULL, 5, 'mg'),
(110, 'malawi', NULL, 5, 'mw'),
(111, 'malaysia', NULL, 4, 'my'),
(112, 'maldives', NULL, 4, 'mv'),
(113, 'mali', NULL, 5, 'ml'),
(114, 'malta', NULL, 1, 'mt'),
(115, 'martinique', NULL, 3, 'mq'),
(116, 'mauritania', NULL, 5, 'mr'),
(117, 'mauritius', NULL, 5, 'mu'),
(118, 'mayotte', NULL, 5, 'yt'),
(119, 'mexico', NULL, 2, 'mx'),
(121, 'mongolia', NULL, 4, 'mn'),
(122, 'montenegro', NULL, 1, 'me'),
(123, 'morocco', NULL, 5, 'ma'),
(124, 'mozambique', NULL, 5, 'mz'),
(125, 'myanmar', NULL, 4, 'mm'),
(126, 'namibia', NULL, 5, 'na'),
(127, 'nepal', NULL, 4, 'np'),
(128, 'netherlands', NULL, 1, 'nl'),
(129, 'new caledonia', 'n.caled.', 9, 'nc'),
(130, 'new zealand', 'n.zealand', 9, 'nz'),
(131, 'nicaragua', NULL, 8, 'ni'),
(132, 'niger', NULL, 5, 'ne'),
(133, 'nigeria', NULL, 5, 'ng'),
(134, 'n. macedonia', 'n.maced.', 1, 'mk'),
(135, 'norway', NULL, 1, 'no'),
(136, 'oman', NULL, 4, 'om'),
(137, 'pakistan', NULL, 4, 'pk'),
(138, 'panama', NULL, 2, 'pa'),
(139, 'papua new guinea', NULL, 9, 'pg'),
(140, 'paraguay', NULL, 2, 'py'),
(141, 'peru', NULL, 2, 'pe'),
(142, 'philippines', NULL, 4, 'ph'),
(143, 'poland', NULL, 1, 'pl'),
(144, 'portugal', NULL, 1, 'pt'),
(145, 'puerto rico', NULL, 8, 'pr'),
(146, 'qatar', NULL, 4, 'qa'),
(147, 's. korea', NULL, 4, 'kr'),
(148, 'moldova', NULL, 1, 'md'),
(149, 'reunion', NULL, 7, 're'),
(150, 'romania', NULL, 1, 'ro'),
(151, 'russia', NULL, 4, 'ru'),
(152, 'rwanda', NULL, 5, 'rw'),
(153, 'saint lucia', NULL, 8, 'lc'),
(154, 'saint vincent', NULL, 3, 'vc'),
(155, 'samoa', NULL, 9, 'ws'),
(156, 'sao tome and principe', NULL, 5, 'st'),
(157, 'saudi arabia', 's. arabia', 4, 'sa'),
(158, 'senegal', NULL, 5, 'sn'),
(159, 'serbia', NULL, 1, 'rs'),
(160, 'seychelles', NULL, 5, 'sc'),
(161, 'sierra leone', NULL, 5, 'sl'),
(162, 'singapore', NULL, 4, 'sg'),
(163, 'slovakia', NULL, 1, 'sk'),
(164, 'slovenia', NULL, 1, 'si'),
(165, 'solomon islands', 'solomon is', 9, 'sb'),
(166, 'somalia', NULL, 5, 'so'),
(167, 's. africa', NULL, 5, 'za'),
(168, 's. sudan', NULL, 5, 'ss'),
(169, 'spain', NULL, 1, 'es'),
(170, 'sri lanka', NULL, 4, 'lk'),
(171, 'palestine', NULL, 4, 'ps'),
(172, 'sudan', NULL, 5, 'sd'),
(173, 'suriname', NULL, 2, 'sr'),
(174, 'sweden', NULL, 1, 'se'),
(175, 'switzerland', NULL, 1, 'ch'),
(176, 'syrian arab republic', NULL, 4, 'sy'),
(177, 'tajikistan', NULL, 4, 'tj'),
(178, 'thailand', NULL, 4, 'th'),
(179, 'timor-leste', NULL, 4, 'tl'),
(180, 'togo', NULL, 5, 'tg'),
(181, 'tonga', NULL, 9, 'to'),
(182, 'trinidad and tobago', 'trin.toba', 2, 'tt'),
(183, 'tunisia', NULL, 5, 'tn'),
(184, 'turkey', NULL, 4, 'tr'),
(185, 'turkmenistan', NULL, 4, 'tm'),
(186, 'uganda', NULL, 5, 'ug'),
(187, 'ukraine', NULL, 1, 'ua'),
(188, 'uae', NULL, 4, 'ae'),
(189, 'united kingdom', 'uk', 1, 'gb'),
(190, 'tanzania', NULL, 5, 'tz'),
(191, 'united states', 'usa', 3, 'us'),
(192, 'us virgin islands', NULL, 8, 'vi'),
(193, 'uruguay', NULL, 2, 'uy'),
(194, 'uzbekistan', NULL, 4, 'uz'),
(195, 'vanuatu', NULL, 9, 'vu'),
(196, 'venezuela', NULL, 2, 've'),
(197, 'vietnam', NULL, 4, 'vn'),
(198, 'western sahara', NULL, 5, 'eh'),
(199, 'yemen', NULL, 4, 'ye'),
(200, 'zambia', NULL, 5, 'zm'),
(201, 'zimbabwe', NULL, 5, 'zw'),
(202, 'other', NULL, 7, NULL),
(203, 'san marino', NULL, 1, 'sm'),
(204, 'monaco', NULL, 1, 'mc'),
(205, 'andorra', NULL, 1, 'ad'),
(206, 'liechtenstein', NULL, 1, 'li'),
(207, 'faeroe islands', 'faeroe isl', 1, 'fo'),
(208, 'gibraltar', NULL, 1, 'gi'),
(209, 'vatican city', NULL, 1, 'va'),
(210, 'saint barthelemy', NULL, 3, 'bl'),
(211, 'saint martin', NULL, 3, 'mf'),
(212, 'cayman island', NULL, 8, 'ky'),
(213, 'kosovo', NULL, 1, NULL),
(214, 'greenland', NULL, 1, 'gl'),
(215, 'montserrat', NULL, 1, 'ms'),
(216, 'sint maarten', NULL, 3, 'sx'),
(217, 'bermuda', NULL, 3, 'bm'),
(218, 'isle of man', NULL, 1, 'im'),
(219, 'dominica', NULL, 8, 'dm'),
(220, 'turks and caicos', NULL, 3, 'tc'),
(221, 'british virgin islands', NULL, 8, 'vg'),
(222, 'st.kitts and nevis', NULL, 8, 'kn'),
(223, 'anguilla', NULL, 3, 'ai'),
(224, 'northern mariana islands', NULL, 9, 'mp'),
(256, 'micronesia (fed. states of)', 'micrones.', 9, 'fm');

-- --------------------------------------------------------

--
-- Struktura tabeli dla tabeli `covid_global_regions`
--

CREATE TABLE `covid_global_regions` (
  `id` int(10) UNSIGNED NOT NULL,
  `name` varchar(100) NOT NULL
) ENGINE=InnoDB DEFAULT CHARSET=utf8mb4;

--
-- Zrzut danych tabeli `covid_global_regions`
--

INSERT INTO `covid_global_regions` (`id`, `name`) VALUES
(1, 'Europe'),
(2, 'South America'),
(3, 'North America'),
(4, 'Asia'),
(5, 'Africa'),
(6, 'Australia'),
(7, 'Inne'),
(8, 'Central America'),
(9, 'Oceania');

-- --------------------------------------------------------

--
-- Zastpiona struktura widoku `covid_gl_by_region_view`
-- (Zobacz poniej rzeczywisty widok)
--
CREATE TABLE `covid_gl_by_region_view` (
`_name` varchar(100)
,`_infected` decimal(32,0)
,`_dead` decimal(32,0)
,`_recover` decimal(32,0)
,`_date` date
);

-- --------------------------------------------------------

--
-- Zastpiona struktura widoku `covid_pl_case_by_region_view`
-- (Zobacz poniej rzeczywisty widok)
--
CREATE TABLE `covid_pl_case_by_region_view` (
`region_id` int(10) unsigned
,`name` varchar(100)
,`code` varchar(5)
,`infected` decimal(32,0)
,`dead` decimal(32,0)
);

-- --------------------------------------------------------

--
-- Zastpiona struktura widoku `covid_pl_tota_froml_details_view`
-- (Zobacz poniej rzeczywisty widok)
--
CREATE TABLE `covid_pl_tota_froml_details_view` (
`infected` decimal(32,0)
,`dead` decimal(32,0)
,`recover` decimal(32,0)
);

-- --------------------------------------------------------

--
-- Struktura tabeli dla tabeli `covid_poland`
--

CREATE TABLE `covid_poland` (
  `id` int(10) UNSIGNED NOT NULL,
  `date` date NOT NULL,
  `tests` int(11) DEFAULT NULL,
  `hospitalized` int(10) UNSIGNED NOT NULL COMMENT 'number of people hospitalized',
  `quarantined` int(11) NOT NULL COMMENT 'number of people quarantined',
  `quarantined2` int(10) UNSIGNED DEFAULT NULL COMMENT 'number of people in quarantine after returning from abroad',
  `surveillance` int(11) NOT NULL COMMENT 'number of people covered by epidemiological surveillance',
  `infected` int(11) NOT NULL COMMENT 'number of confirmed infections',
  `dead` int(11) NOT NULL,
  `recover` int(11) NOT NULL
) ENGINE=InnoDB DEFAULT CHARSET=utf8mb4;

--
-- Zrzut danych tabeli `covid_poland`
--

INSERT INTO `covid_poland` (`id`, `date`, `tests`, `hospitalized`, `quarantined`, `quarantined2`, `surveillance`, `infected`, `dead`, `recover`) VALUES
(1, '2020-02-27', 39, 0, 0, NULL, 0, 0, 0, 0),
(2, '2020-03-03', 559, 68, 316, NULL, 4459, 0, 0, 0),
(3, '2020-03-04', 584, 65, 349, NULL, 4540, 1, 0, 0),
(4, '2020-03-05', 676, 92, 490, NULL, 5647, 1, 0, 0),
(5, '2020-03-06', 855, 128, 1299, NULL, 6184, 5, 0, 0),
(6, '2020-03-07', 855, 146, 1548, NULL, 6409, 6, 0, 0),
(7, '2020-03-08', 1154, 168, 932, NULL, 7122, 11, 0, 0),
(8, '2020-03-09', 1384, 467, 1014, NULL, 7110, 17, 0, 0),
(9, '2020-03-10', 1630, 220, 1055, NULL, 9366, 22, 0, 0),
(10, '2020-03-11', 2024, 317, 1193, NULL, 11524, 31, 0, 0),
(11, '2020-03-12', 2234, 384, 2736, NULL, 14841, 51, 1, 0),
(12, '2020-03-13', 2889, 521, 3151, NULL, 17784, 68, 2, 0),
(13, '2020-03-14', 4414, 526, 4413, NULL, 20340, 104, 3, 0),
(14, '2020-03-15', 5493, 768, 7535, NULL, 25816, 125, 3, 0),
(15, '2020-03-16', 5493, 734, 10050, NULL, 30129, 177, 4, 0),
(16, '2020-03-17', 7899, 833, 14531, 22979, 35853, 238, 5, 0),
(17, '2020-03-18', 9515, 923, 21993, 35192, 40110, 286, 5, 0),
(18, '2020-03-19', 11196, 871, 28440, 48324, 48660, 355, 5, 0),
(19, '2020-03-20', 13072, 898, 47115, 62120, 53117, 425, 5, 0),
(20, '2020-03-21', 15084, 1047, 54814, 74106, 56623, 536, 5, 0),
(21, '2020-03-22', 17607, 1084, 48632, 80348, 58826, 634, 7, 0),
(22, '2020-03-23', 20127, 1138, 55301, 95445, 51142, 749, 8, 0),
(23, '2020-03-24', 22898, 1479, 62511, 104529, 53426, 901, 10, 0),
(24, '2020-03-25', 26244, 1615, 70528, 138680, 56930, 1051, 14, 0),
(25, '2020-03-26', 29564, 1606, 83908, 150474, 59081, 1221, 16, 0),
(26, '2020-03-27', 34067, 1696, 94297, 161859, 58306, 1389, 16, 0),
(27, '2020-03-28', 38674, 1719, 97413, 167890, 56585, 1638, 18, 0),
(29, '2020-03-29', 42783, 1879, 100215, 169092, 52612, 1862, 22, 0),
(30, '2020-03-30', 46607, 1900, 106525, 163789, 52370, 2055, 31, 0),
(31, '2020-03-31', 51419, 1924, 171994, 163789, 50804, 2311, 31, 7),
(32, '2020-04-01', 55801, 1924, 171994, NULL, 50804, 2554, 43, 47),
(33, '2020-04-02', 61178, 2317, 183095, NULL, 48039, 2946, 57, 56),
(34, '2020-04-03', 66938, 2158, 174997, NULL, 44491, 3383, 71, 56),
(35, '2020-04-04', 72901, 2303, 160587, NULL, 41146, 3627, 79, 116),
(36, '2020-04-05', 80757, 2434, 131888, NULL, 39157, 4102, 94, 134),
(37, '2020-04-06', 85467, 2444, 143256, NULL, 37295, 4413, 107, 162),
(38, '2020-04-07', 92215, 2476, 148130, NULL, 36391, 4848, 129, 191),
(39, '2020-04-08', 99284, 2425, 153390, NULL, 33273, 5205, 159, 222),
(40, '2020-04-09', 107597, 2473, 152898, NULL, 33989, 5575, 174, 284);

-- --------------------------------------------------------

--
-- Struktura tabeli dla tabeli `covid_poland_dead`
--

CREATE TABLE `covid_poland_dead` (
  `id` int(11) NOT NULL,
  `date` date NOT NULL,
  `sex` char(1) NOT NULL,
  `age` int(3) NOT NULL,
  `location` varchar(50) NOT NULL
) ENGINE=InnoDB DEFAULT CHARSET=utf8mb4;

--
-- Zrzut danych tabeli `covid_poland_dead`
--

INSERT INTO `covid_poland_dead` (`id`, `date`, `sex`, `age`, `location`) VALUES
(1, '2020-04-09', 'M', 78, 'Grudzic'),
(2, '2020-04-09', 'F', 77, 'Kdzierzyn-Kole'),
(3, '2020-04-09', 'M', 88, 'Warszawa'),
(4, '2020-04-09', 'F', 69, 'Warszawa'),
(5, '2020-04-09', 'F', 67, 'Warszawa'),
(6, '2020-04-09', 'M', 58, 'Warszawa'),
(7, '2020-04-09', 'F', 73, 'Warszawa'),
(8, '2020-04-09', 'F', 78, 'Bolesawiec'),
(9, '2020-04-09', 'M', 72, 'Bolesawiec'),
(10, '2020-04-09', 'M', 58, 'Bolesawiec');

-- --------------------------------------------------------

--
-- Struktura tabeli dla tabeli `covid_poland_details`
--

CREATE TABLE `covid_poland_details` (
  `id` int(10) UNSIGNED NOT NULL,
  `date` date NOT NULL,
  `region_id` int(10) UNSIGNED NOT NULL,
  `infected` int(10) UNSIGNED NOT NULL,
  `dead` int(10) UNSIGNED DEFAULT NULL,
  `recover` int(10) UNSIGNED DEFAULT NULL
) ENGINE=InnoDB DEFAULT CHARSET=utf8mb4;

--
-- Zrzut danych tabeli `covid_poland_details`
--

INSERT INTO `covid_poland_details` (`id`, `date`, `region_id`, `infected`, `dead`, `recover`) VALUES
(255, '2020-03-04', 4, 1, NULL, NULL),
(256, '2020-03-06', 1, 1, NULL, NULL),
(257, '2020-03-06', 14, 1, NULL, NULL),
(258, '2020-03-06', 16, 2, NULL, NULL),
(259, '2020-03-07', 14, 1, NULL, NULL),
(260, '2020-03-08', 1, 1, NULL, NULL),
(261, '2020-03-08', 7, 2, NULL, NULL),
(262, '2020-03-08', 12, 2, NULL, NULL),
(263, '2020-03-09', 1, 1, NULL, NULL),
(264, '2020-03-09', 6, 1, NULL, NULL),
(265, '2020-03-09', 12, 3, NULL, NULL),
(266, '2020-03-09', 15, 1, NULL, NULL),
(267, '2020-03-10', 1, 1, NULL, NULL),
(268, '2020-03-10', 3, 1, NULL, NULL),
(269, '2020-03-10', 7, 1, NULL, NULL),
(270, '2020-03-10', 12, 2, NULL, NULL),
(271, '2020-03-11', 5, 1, NULL, NULL),
(272, '2020-03-11', 7, 1, NULL, NULL),
(273, '2020-03-11', 8, 1, NULL, NULL),
(274, '2020-03-11', 9, 1, NULL, NULL),
(275, '2020-03-11', 12, 1, NULL, NULL),
(276, '2020-03-11', 14, 2, NULL, NULL),
(277, '2020-03-11', 15, 1, NULL, NULL),
(278, '2020-03-12', 1, 3, NULL, NULL),
(279, '2020-03-12', 3, 4, NULL, NULL),
(280, '2020-03-12', 5, 1, NULL, NULL),
(281, '2020-03-12', 7, 2, NULL, NULL),
(282, '2020-03-12', 8, 1, NULL, NULL),
(283, '2020-03-12', 9, 2, NULL, NULL),
(284, '2020-03-12', 12, 3, NULL, NULL),
(285, '2020-03-12', 15, 3, 1, NULL),
(286, '2020-03-12', 16, 1, NULL, NULL),
(287, '2020-03-13', 1, 1, 1, NULL),
(288, '2020-03-13', 3, 1, NULL, NULL),
(289, '2020-03-13', 5, 3, NULL, NULL),
(290, '2020-03-13', 7, 5, NULL, NULL),
(291, '2020-03-13', 9, 3, NULL, NULL),
(292, '2020-03-13', 12, 1, NULL, NULL),
(293, '2020-03-13', 15, 1, NULL, NULL),
(294, '2020-03-13', 16, 2, NULL, NULL),
(295, '2020-03-14', 1, 5, NULL, NULL),
(296, '2020-03-14', 3, 8, 1, NULL),
(297, '2020-03-14', 5, 10, NULL, NULL),
(298, '2020-03-14', 7, 5, NULL, NULL),
(299, '2020-03-14', 8, 2, NULL, NULL),
(300, '2020-03-14', 9, 1, NULL, NULL),
(301, '2020-03-14', 11, 2, NULL, NULL),
(302, '2020-03-14', 13, 2, NULL, NULL),
(303, '2020-03-14', 15, 1, NULL, NULL),
(304, '2020-03-15', 1, 2, NULL, NULL),
(305, '2020-03-15', 3, 2, NULL, NULL),
(306, '2020-03-15', 4, 1, NULL, NULL),
(307, '2020-03-15', 5, 4, NULL, NULL),
(308, '2020-03-15', 7, 6, NULL, NULL),
(309, '2020-03-15', 9, 1, NULL, NULL),
(310, '2020-03-15', 12, 2, NULL, NULL),
(311, '2020-03-15', 13, 1, NULL, NULL),
(312, '2020-03-15', 14, 1, NULL, NULL),
(313, '2020-03-15', 16, 1, NULL, NULL),
(314, '2020-03-16', 1, 12, NULL, NULL),
(315, '2020-03-16', 3, 1, NULL, NULL),
(316, '2020-03-16', 5, 12, NULL, NULL),
(317, '2020-03-16', 6, 1, NULL, NULL),
(318, '2020-03-16', 7, 13, NULL, NULL),
(319, '2020-03-16', 8, 2, NULL, NULL),
(320, '2020-03-16', 9, 3, 1, NULL),
(321, '2020-03-16', 12, 4, NULL, NULL),
(322, '2020-03-16', 15, 4, NULL, NULL),
(323, '2020-03-17', 1, 11, 1, NULL),
(324, '2020-03-17', 2, 8, NULL, NULL),
(325, '2020-03-17', 3, 4, NULL, NULL),
(326, '2020-03-17', 5, 11, NULL, NULL),
(327, '2020-03-17', 6, 3, NULL, NULL),
(328, '2020-03-17', 7, 3, NULL, NULL),
(329, '2020-03-17', 8, 2, NULL, NULL),
(330, '2020-03-17', 10, 1, NULL, NULL),
(331, '2020-03-17', 11, 6, NULL, NULL),
(332, '2020-03-17', 12, 6, NULL, NULL),
(333, '2020-03-17', 14, 2, NULL, NULL),
(334, '2020-03-17', 15, 2, NULL, NULL),
(335, '2020-03-17', 16, 2, NULL, NULL),
(336, '2020-03-18', 1, 2, NULL, NULL),
(337, '2020-03-18', 4, 1, NULL, NULL),
(338, '2020-03-18', 6, 1, NULL, NULL),
(339, '2020-03-18', 7, 28, NULL, NULL),
(340, '2020-03-18', 8, 1, NULL, NULL),
(341, '2020-03-18', 9, 3, NULL, NULL),
(343, '2020-03-18', 11, 1, NULL, NULL),
(344, '2020-03-18', 12, 6, NULL, NULL),
(345, '2020-03-18', 13, 1, NULL, NULL),
(346, '2020-03-18', 14, 4, NULL, NULL),
(347, '2020-03-19', 1, 13, NULL, NULL),
(348, '2020-03-19', 2, 3, NULL, NULL),
(349, '2020-03-19', 3, 3, NULL, NULL),
(350, '2020-03-19', 4, 6, NULL, NULL),
(351, '2020-03-19', 5, 6, NULL, NULL),
(352, '2020-03-19', 6, 1, NULL, NULL),
(353, '2020-03-19', 7, 16, NULL, NULL),
(354, '2020-03-19', 8, 1, NULL, NULL),
(355, '2020-03-19', 9, 3, NULL, NULL),
(356, '2020-03-19', 12, 12, NULL, NULL),
(357, '2020-03-19', 13, 1, NULL, NULL),
(358, '2020-03-19', 14, 1, NULL, NULL),
(359, '2020-03-19', 15, 2, NULL, NULL),
(360, '2020-03-19', 16, 1, NULL, NULL),
(361, '2020-03-20', 1, 5, NULL, NULL),
(362, '2020-03-20', 2, 3, NULL, NULL),
(363, '2020-03-20', 3, 3, NULL, NULL),
(364, '2020-03-20', 5, 9, NULL, NULL),
(365, '2020-03-20', 6, 7, NULL, NULL),
(366, '2020-03-20', 7, 25, NULL, NULL),
(367, '2020-03-20', 9, 2, NULL, NULL),
(368, '2020-03-20', 10, 2, NULL, NULL),
(369, '2020-03-20', 11, 1, NULL, NULL),
(370, '2020-03-20', 12, 4, NULL, NULL),
(371, '2020-03-20', 13, 1, NULL, NULL),
(372, '2020-03-20', 14, 5, NULL, NULL),
(373, '2020-03-20', 15, 3, NULL, NULL),
(374, '2020-03-21', 1, 8, NULL, NULL),
(375, '2020-03-21', 2, 4, NULL, NULL),
(376, '2020-03-21', 3, 3, NULL, NULL),
(377, '2020-03-21', 5, 34, NULL, NULL),
(378, '2020-03-21', 6, 2, NULL, NULL),
(379, '2020-03-21', 7, 20, NULL, NULL),
(380, '2020-03-21', 9, 6, NULL, NULL),
(381, '2020-03-21', 10, 2, NULL, NULL),
(382, '2020-03-21', 11, 4, NULL, NULL),
(383, '2020-03-21', 12, 10, NULL, NULL),
(384, '2020-03-21', 13, 1, NULL, NULL),
(385, '2020-03-21', 14, 3, NULL, NULL),
(386, '2020-03-21', 15, 13, NULL, NULL),
(387, '2020-03-21', 16, 1, NULL, NULL),
(388, '2020-03-22', 1, 13, NULL, NULL),
(389, '2020-03-22', 3, 8, NULL, NULL),
(390, '2020-03-22', 4, 2, NULL, NULL),
(391, '2020-03-22', 5, 15, NULL, NULL),
(392, '2020-03-22', 6, 8, NULL, NULL),
(393, '2020-03-22', 7, 20, 1, NULL),
(394, '2020-03-22', 8, 4, NULL, NULL),
(395, '2020-03-22', 9, 4, NULL, NULL),
(396, '2020-03-22', 10, 1, NULL, NULL),
(397, '2020-03-22', 11, 3, NULL, NULL),
(398, '2020-03-22', 12, 10, NULL, NULL),
(399, '2020-03-22', 14, 2, NULL, NULL),
(400, '2020-03-22', 15, 6, 1, NULL),
(401, '2020-03-22', 16, 2, NULL, NULL),
(402, '2020-03-23', 1, 22, NULL, NULL),
(403, '2020-03-23', 2, 3, NULL, NULL),
(404, '2020-03-23', 3, 9, NULL, NULL),
(405, '2020-03-23', 4, 5, NULL, NULL),
(406, '2020-03-23', 5, 5, NULL, NULL),
(407, '2020-03-23', 6, 9, NULL, NULL),
(408, '2020-03-23', 7, 28, NULL, NULL),
(409, '2020-03-23', 8, 5, NULL, NULL),
(410, '2020-03-23', 9, 1, NULL, NULL),
(411, '2020-03-23', 10, 1, NULL, NULL),
(412, '2020-03-23', 11, 4, NULL, NULL),
(413, '2020-03-23', 12, 11, 1, NULL),
(414, '2020-03-23', 13, 1, NULL, NULL),
(415, '2020-03-23', 14, 3, NULL, NULL),
(416, '2020-03-23', 15, 4, NULL, NULL),
(417, '2020-03-23', 16, 4, NULL, NULL),
(418, '2020-03-24', 1, 33, NULL, NULL),
(419, '2020-03-24', 2, 1, NULL, NULL),
(420, '2020-03-24', 3, 6, 1, NULL),
(421, '2020-03-24', 4, 5, NULL, NULL),
(422, '2020-03-24', 5, 18, NULL, NULL),
(423, '2020-03-24', 6, 16, NULL, NULL),
(424, '2020-03-24', 7, 37, NULL, NULL),
(425, '2020-03-24', 8, 2, NULL, NULL),
(426, '2020-03-24', 9, 7, NULL, NULL),
(427, '2020-03-24', 11, 1, NULL, NULL),
(428, '2020-03-24', 12, 10, 1, NULL),
(429, '2020-03-24', 14, 4, NULL, NULL),
(430, '2020-03-24', 15, 1, NULL, NULL),
(431, '2020-03-24', 16, 11, NULL, NULL),
(432, '2020-03-25', 1, 16, 2, NULL),
(433, '2020-03-25', 2, 5, NULL, NULL),
(434, '2020-03-25', 3, 6, NULL, NULL),
(435, '2020-03-25', 4, 2, NULL, NULL),
(436, '2020-03-25', 5, 15, NULL, NULL),
(437, '2020-03-25', 6, 7, NULL, NULL),
(438, '2020-03-25', 7, 39, NULL, NULL),
(439, '2020-03-25', 8, 2, NULL, NULL),
(440, '2020-03-25', 9, 6, NULL, NULL),
(441, '2020-03-25', 10, 3, NULL, NULL),
(442, '2020-03-25', 12, 20, NULL, NULL),
(443, '2020-03-25', 13, 6, 1, NULL),
(444, '2020-03-25', 14, 4, NULL, NULL),
(445, '2020-03-25', 15, 15, NULL, NULL),
(446, '2020-03-25', 16, 4, NULL, NULL),
(447, '2020-03-26', 1, 15, NULL, NULL),
(448, '2020-03-26', 2, 4, NULL, NULL),
(449, '2020-03-26', 3, 14, NULL, NULL),
(450, '2020-03-26', 4, 7, NULL, NULL),
(451, '2020-03-26', 5, 14, NULL, NULL),
(452, '2020-03-26', 6, 13, NULL, NULL),
(453, '2020-03-26', 7, 40, 2, NULL),
(454, '2020-03-26', 8, 3, NULL, NULL),
(455, '2020-03-26', 9, 10, NULL, NULL),
(456, '2020-03-26', 10, 3, NULL, NULL),
(457, '2020-03-26', 11, 6, NULL, NULL),
(458, '2020-03-26', 12, 20, NULL, NULL),
(459, '2020-03-26', 13, 1, NULL, NULL),
(460, '2020-03-26', 14, 6, NULL, NULL),
(461, '2020-03-26', 15, 12, NULL, NULL),
(462, '2020-03-26', 16, 2, 1, NULL),
(463, '2020-03-27', 1, 28, NULL, NULL),
(464, '2020-03-27', 2, 2, NULL, NULL),
(465, '2020-03-27', 3, 4, NULL, NULL),
(466, '2020-03-27', 4, 1, NULL, NULL),
(467, '2020-03-27', 5, 10, NULL, NULL),
(468, '2020-03-27', 6, 24, NULL, NULL),
(469, '2020-03-27', 7, 27, NULL, NULL),
(470, '2020-03-27', 8, 2, NULL, NULL),
(471, '2020-03-27', 9, 8, NULL, NULL),
(472, '2020-03-27', 10, 4, NULL, NULL),
(473, '2020-03-27', 11, 4, NULL, NULL),
(474, '2020-03-27', 12, 14, NULL, NULL),
(475, '2020-03-27', 13, 7, NULL, NULL),
(476, '2020-03-27', 14, 5, NULL, NULL),
(477, '2020-03-27', 15, 21, NULL, NULL),
(478, '2020-03-27', 16, 7, NULL, NULL),
(479, '2020-03-28', 1, 21, NULL, NULL),
(480, '2020-03-28', 2, 4, NULL, NULL),
(481, '2020-03-28', 3, 9, 1, NULL),
(482, '2020-03-28', 4, 2, NULL, NULL),
(483, '2020-03-28', 5, 14, NULL, NULL),
(484, '2020-03-28', 6, 19, NULL, NULL),
(485, '2020-03-28', 7, 103, 1, NULL),
(486, '2020-03-28', 8, 3, NULL, NULL),
(487, '2020-03-28', 9, 10, NULL, NULL),
(488, '2020-03-28', 10, 9, NULL, NULL),
(489, '2020-03-28', 11, 4, NULL, NULL),
(490, '2020-03-28', 12, 24, NULL, NULL),
(491, '2020-03-28', 13, 5, NULL, NULL),
(492, '2020-03-28', 14, 2, NULL, NULL),
(493, '2020-03-28', 15, 9, NULL, NULL),
(494, '2020-03-28', 16, 11, NULL, NULL),
(495, '2020-03-29', 1, 20, NULL, NULL),
(496, '2020-03-29', 2, 10, NULL, NULL),
(497, '2020-03-29', 3, 18, NULL, NULL),
(498, '2020-03-29', 5, 8, NULL, NULL),
(499, '2020-03-29', 6, 38, 1, NULL),
(500, '2020-03-29', 7, 40, NULL, NULL),
(501, '2020-03-29', 8, 12, NULL, NULL),
(502, '2020-03-29', 9, 5, NULL, NULL),
(503, '2020-03-29', 10, 2, NULL, NULL),
(504, '2020-03-29', 11, 9, NULL, NULL),
(505, '2020-03-29', 12, 30, 3, NULL),
(506, '2020-03-29', 13, 7, NULL, NULL),
(507, '2020-03-29', 14, 10, NULL, NULL),
(508, '2020-03-29', 15, 9, NULL, NULL),
(509, '2020-03-29', 16, 6, NULL, NULL),
(510, '2020-03-30', 1, 24, NULL, NULL),
(511, '2020-03-30', 2, 25, NULL, NULL),
(512, '2020-03-30', 3, 9, 1, NULL),
(513, '2020-03-30', 4, 3, NULL, NULL),
(514, '2020-03-30', 5, 12, NULL, NULL),
(515, '2020-03-30', 6, 24, NULL, NULL),
(516, '2020-03-30', 7, 26, 3, NULL),
(517, '2020-03-30', 8, 11, NULL, NULL),
(518, '2020-03-30', 9, 4, 2, NULL),
(519, '2020-03-30', 10, 8, NULL, NULL),
(520, '2020-03-30', 11, 3, NULL, NULL),
(521, '2020-03-30', 12, 14, 2, NULL),
(522, '2020-03-30', 13, 3, NULL, NULL),
(523, '2020-03-30', 14, 1, NULL, NULL),
(524, '2020-03-30', 15, 24, 1, NULL),
(525, '2020-03-30', 16, 2, NULL, NULL),
(526, '2020-03-31', 1, 16, NULL, NULL),
(527, '2020-03-31', 2, 4, NULL, NULL),
(528, '2020-03-31', 3, 18, NULL, NULL),
(529, '2020-03-31', 4, 6, NULL, NULL),
(530, '2020-03-31', 5, 6, NULL, NULL),
(531, '2020-03-31', 6, 18, NULL, NULL),
(532, '2020-03-31', 7, 57, 1, NULL),
(533, '2020-03-31', 8, 16, NULL, NULL),
(534, '2020-03-31', 9, 15, NULL, NULL),
(535, '2020-03-31', 11, 6, NULL, NULL),
(536, '2020-03-31', 12, 55, 1, NULL),
(537, '2020-03-31', 13, 12, NULL, NULL),
(538, '2020-03-31', 14, 1, NULL, NULL),
(539, '2020-03-31', 15, 16, NULL, NULL),
(540, '2020-03-31', 16, 10, NULL, NULL),
(541, '2020-04-01', 1, 52, NULL, NULL),
(542, '2020-04-01', 2, 8, NULL, NULL),
(543, '2020-04-01', 3, 1, 1, NULL),
(544, '2020-04-01', 4, 5, NULL, NULL),
(545, '2020-04-01', 5, 13, 1, NULL),
(546, '2020-04-01', 6, 17, NULL, NULL),
(547, '2020-04-01', 7, 68, 3, NULL),
(548, '2020-04-01', 8, 5, NULL, NULL),
(549, '2020-04-01', 9, 9, NULL, NULL),
(550, '2020-04-01', 10, 11, NULL, NULL),
(551, '2020-04-01', 11, 6, NULL, NULL),
(552, '2020-04-01', 12, 8, 2, NULL),
(553, '2020-04-01', 13, 6, NULL, NULL),
(554, '2020-04-01', 14, 3, NULL, NULL),
(555, '2020-04-01', 15, 21, 3, NULL),
(556, '2020-04-01', 16, 10, NULL, NULL),
(557, '2020-04-02', 1, 12, 2, NULL),
(558, '2020-04-02', 2, 73, NULL, NULL),
(559, '2020-04-02', 3, 18, NULL, NULL),
(560, '2020-04-02', 4, 1, NULL, NULL),
(561, '2020-04-02', 5, 15, NULL, NULL),
(562, '2020-04-02', 6, 21, 3, NULL),
(563, '2020-04-02', 7, 142, 3, NULL),
(564, '2020-04-02', 8, 3, 1, NULL),
(565, '2020-04-02', 9, 7, 1, NULL),
(566, '2020-04-02', 10, 12, NULL, NULL),
(567, '2020-04-02', 11, 10, NULL, NULL),
(568, '2020-04-02', 12, 29, 1, NULL),
(569, '2020-04-02', 13, 7, NULL, NULL),
(570, '2020-04-02', 14, 6, NULL, NULL),
(571, '2020-04-02', 15, 26, 2, NULL),
(572, '2020-04-02', 16, 10, 1, NULL),
(573, '2020-04-03', 1, 62, NULL, NULL),
(574, '2020-04-03', 2, 42, 1, NULL),
(575, '2020-04-03', 3, 7, 1, NULL),
(576, '2020-04-03', 4, 2, NULL, NULL),
(577, '2020-04-03', 5, 12, 2, NULL),
(578, '2020-04-03', 6, 32, 1, NULL),
(579, '2020-04-03', 7, 54, NULL, NULL),
(580, '2020-04-03', 8, 12, NULL, NULL),
(581, '2020-04-03', 9, 14, NULL, NULL),
(582, '2020-04-03', 10, 15, NULL, NULL),
(583, '2020-04-03', 11, 12, NULL, NULL),
(584, '2020-04-03', 12, 130, 5, NULL),
(585, '2020-04-03', 13, 17, NULL, NULL),
(586, '2020-04-03', 14, 8, NULL, NULL),
(587, '2020-04-03', 15, 18, 4, NULL),
(766, '2020-04-04', 12, 65, 6, 0),
(767, '2020-04-04', 15, 20, 1, 0),
(768, '2020-04-04', 6, 46, 0, 0),
(769, '2020-04-04', 16, 11, 0, 0),
(770, '2020-04-04', 11, 22, 0, 0),
(771, '2020-04-04', 4, 6, 0, 0),
(772, '2020-04-04', 3, 7, 0, 0),
(773, '2020-04-04', 9, 11, 0, 0),
(774, '2020-04-04', 14, 3, 1, 0),
(775, '2020-04-04', 13, 2, 0, 0),
(776, '2020-03-11', 3, 1, NULL, NULL),
(777, '2020-04-04', 2, 25, 0, 0),
(778, '2020-04-04', 10, 8, 0, 0),
(779, '2020-04-04', 1, 7, 0, 0),
(780, '2020-04-04', 5, 11, 0, 0),
(781, '2020-04-05', 7, 159, 6, 0),
(782, '2020-04-05', 12, 41, 0, 0),
(783, '2020-04-05', 1, 61, 4, 0),
(784, '2020-04-05', 13, 12, 0, 0),
(785, '2020-04-05', 6, 19, 2, 0),
(786, '2020-04-05', 15, 40, 1, 0),
(787, '2020-04-05', 9, 13, 1, 0),
(788, '2020-04-05', 11, 13, 0, 0),
(789, '2020-04-05', 16, 6, 0, 0),
(790, '2020-04-05', 4, 3, 0, 0),
(791, '2020-04-05', 14, 2, 0, 0),
(792, '2020-04-05', 3, 9, 0, 0),
(793, '2020-04-05', 2, 17, 0, 0),
(794, '2020-04-05', 10, 9, 1, 0),
(795, '2020-04-05', 8, 4, 0, 0),
(796, '2020-04-05', 5, 67, 0, 0),
(797, '2020-04-06', 1, 20, 3, 0),
(798, '2020-04-06', 2, 4, 0, 0),
(799, '2020-04-06', 3, 7, 1, 0),
(800, '2020-04-06', 4, 3, 0, 0),
(801, '2020-04-06', 5, 14, 0, 0),
(802, '2020-04-06', 6, 22, 0, 0),
(803, '2020-04-06', 7, 98, 3, 0),
(804, '2020-04-06', 8, 7, 1, 0),
(805, '2020-04-06', 9, 7, 1, 0),
(806, '2020-04-06', 10, 18, 0, 0),
(807, '2020-04-06', 11, 8, 0, 0),
(808, '2020-04-06', 12, 25, 3, 0),
(809, '2020-04-06', 13, 10, 0, 0),
(810, '2020-04-06', 14, 3, 0, 0),
(811, '2020-04-06', 15, 54, 1, 0),
(812, '2020-04-06', 16, 11, 0, 0),
(813, '2020-04-07', 1, 39, 1, 0),
(814, '2020-04-07', 2, 19, 0, 0),
(815, '2020-04-07', 3, 11, 0, 0),
(816, '2020-04-07', 4, 0, 0, 0),
(817, '2020-04-07', 5, 18, 2, 0),
(818, '2020-04-07', 6, 22, 1, 0),
(819, '2020-04-07', 7, 182, 2, 0),
(820, '2020-04-07', 8, 6, 1, 0),
(821, '2020-04-07', 9, 12, 1, 0),
(822, '2020-04-07', 10, 18, 0, 0),
(823, '2020-04-07', 11, 10, 0, 0),
(824, '2020-04-07', 12, 39, 7, 0),
(825, '2020-04-07', 13, 17, 0, 0),
(826, '2020-04-07', 14, 4, 3, 0),
(827, '2020-04-07', 15, 22, 4, 0),
(828, '2020-04-07', 16, 16, 0, 0),
(829, '2020-04-08', 1, 12, 1, NULL),
(830, '2020-04-08', 2, 13, 4, NULL),
(831, '2020-04-08', 3, 8, 1, NULL),
(832, '2020-04-08', 4, 4, 0, NULL),
(833, '2020-04-08', 5, 42, 0, NULL),
(834, '2020-04-08', 6, 28, 0, NULL),
(835, '2020-04-08', 7, 67, 12, NULL),
(836, '2020-04-08', 8, 9, 2, NULL),
(837, '2020-04-08', 9, 12, 2, NULL),
(838, '2020-04-08', 10, 22, 0, NULL),
(839, '2020-04-08', 11, 8, 1, NULL),
(840, '2020-04-08', 12, 43, 4, NULL),
(841, '2020-04-08', 13, 7, 1, NULL),
(842, '2020-04-08', 14, 5, 0, NULL),
(843, '2020-04-08', 15, 45, 1, NULL),
(844, '2020-04-08', 16, 32, 0, NULL),
(845, '2020-04-09', 1, 29, 3, 0),
(846, '2020-04-09', 2, 3, 1, 0),
(847, '2020-04-09', 3, 5, 0, 0),
(848, '2020-04-09', 4, 3, 0, 0),
(849, '2020-04-09', 5, 32, 2, 0),
(850, '2020-04-09', 6, 34, 0, 0),
(851, '2020-04-09', 7, 110, 6, 0),
(852, '2020-04-09', 8, 9, 1, 0),
(853, '2020-04-09', 9, 14, 0, 0),
(854, '2020-04-09', 10, 19, 0, 0),
(855, '2020-04-09', 11, 10, 0, 0),
(856, '2020-04-09', 12, 51, 2, 0),
(857, '2020-04-09', 13, 2, 0, 0),
(858, '2020-04-09', 14, 3, 0, 0),
(859, '2020-04-09', 15, 37, 1, 0),
(860, '2020-04-09', 16, 9, 0, 0);

-- --------------------------------------------------------

--
-- Struktura tabeli dla tabeli `covid_poland_regions`
--

CREATE TABLE `covid_poland_regions` (
  `id` int(10) UNSIGNED NOT NULL,
  `name` varchar(100) NOT NULL,
  `code` varchar(5) NOT NULL
) ENGINE=InnoDB DEFAULT CHARSET=utf8mb4;

--
-- Zrzut danych tabeli `covid_poland_regions`
--

INSERT INTO `covid_poland_regions` (`id`, `name`, `code`) VALUES
(1, 'dolnolskie', 'PL-DS'),
(2, 'kujawsko-pomorskie', 'PL-KP'),
(3, 'lubelskie', 'PL-LU'),
(4, 'lubuskie', 'PL-LB'),
(5, 'dzkie', 'PL-LD'),
(6, 'maopolskie', 'PL-MA'),
(7, 'mazowieckie', 'PL-MZ'),
(8, 'opolskie', 'PL-OP'),
(9, 'podkarpackie', 'PL-PK'),
(10, 'podlaskie', 'PL-PD'),
(11, 'pomorskie', 'PL-PM'),
(12, 'lskie', 'PL-SL'),
(13, 'witokrzyskie', 'PL-SK'),
(14, 'warmisko-mazurskie', 'PL-WN'),
(15, 'wielkopolskie', 'PL-WP'),
(16, 'zachodniopomorskie', 'PL-ZP');

-- --------------------------------------------------------

--
-- Struktura widoku `covid_gl_by_region_view`
--
DROP TABLE IF EXISTS `covid_gl_by_region_view`;

CREATE ALGORITHM=UNDEFINED DEFINER=`omicron`@`localhost` SQL SECURITY DEFINER VIEW `covid_gl_by_region_view`  AS  select `cir`.`name` AS `_name`,sum(`ci`.`infected`) AS `_infected`,sum(`ci`.`dead`) AS `_dead`,sum(`ci`.`recover`) AS `_recover`,`ci`.`date` AS `_date` from ((`covid_global` `ci` left join `covid_global_nations` `cin` on(`cin`.`id` = `ci`.`nation_id`)) left join `covid_global_regions` `cir` on(`cir`.`id` = `cin`.`region`)) group by `cir`.`id`,`ci`.`date` order by `ci`.`date`,sum(`ci`.`infected`) desc ;

-- --------------------------------------------------------

--
-- Struktura widoku `covid_pl_case_by_region_view`
--
DROP TABLE IF EXISTS `covid_pl_case_by_region_view`;

CREATE ALGORITHM=UNDEFINED DEFINER=`omicron`@`localhost` SQL SECURITY DEFINER VIEW `covid_pl_case_by_region_view`  AS  select `cp`.`region_id` AS `region_id`,`r`.`name` AS `name`,`r`.`code` AS `code`,sum(`cp`.`infected`) AS `infected`,sum(`cp`.`dead`) AS `dead` from (`covid_poland_details` `cp` join `covid_poland_regions` `r` on(`r`.`id` = `cp`.`region_id`)) group by `cp`.`region_id` order by `cp`.`region_id` ;

-- --------------------------------------------------------

--
-- Struktura widoku `covid_pl_tota_froml_details_view`
--
DROP TABLE IF EXISTS `covid_pl_tota_froml_details_view`;

CREATE ALGORITHM=UNDEFINED DEFINER=`omicron`@`localhost` SQL SECURITY DEFINER VIEW `covid_pl_tota_froml_details_view`  AS  select sum(`cpd`.`infected`) AS `infected`,sum(`cpd`.`dead`) AS `dead`,sum(`cpd`.`recover`) AS `recover` from `covid_poland_details` `cpd` ;

--
-- Indeksy dla zrzutw tabel
--

--
-- Indeksy dla tabeli `covid_global`
--
ALTER TABLE `covid_global`
  ADD PRIMARY KEY (`id`);

--
-- Indeksy dla tabeli `covid_global_nations`
--
ALTER TABLE `covid_global_nations`
  ADD PRIMARY KEY (`id`);

--
-- Indeksy dla tabeli `covid_global_regions`
--
ALTER TABLE `covid_global_regions`
  ADD PRIMARY KEY (`id`);

--
-- Indeksy dla tabeli `covid_poland`
--
ALTER TABLE `covid_poland`
  ADD PRIMARY KEY (`id`);

--
-- Indeksy dla tabeli `covid_poland_dead`
--
ALTER TABLE `covid_poland_dead`
  ADD KEY `id` (`id`);

--
-- Indeksy dla tabeli `covid_poland_details`
--
ALTER TABLE `covid_poland_details`
  ADD PRIMARY KEY (`id`);

--
-- Indeksy dla tabeli `covid_poland_regions`
--
ALTER TABLE `covid_poland_regions`
  ADD PRIMARY KEY (`id`);

--
-- AUTO_INCREMENT for dumped tables
--

--
-- AUTO_INCREMENT dla tabeli `covid_global`
--
ALTER TABLE `covid_global`
  MODIFY `id` int(10) UNSIGNED NOT NULL AUTO_INCREMENT, AUTO_INCREMENT=2690;

--
-- AUTO_INCREMENT dla tabeli `covid_global_nations`
--
ALTER TABLE `covid_global_nations`
  MODIFY `id` int(10) UNSIGNED NOT NULL AUTO_INCREMENT, AUTO_INCREMENT=257;

--
-- AUTO_INCREMENT dla tabeli `covid_global_regions`
--
ALTER TABLE `covid_global_regions`
  MODIFY `id` int(10) UNSIGNED NOT NULL AUTO_INCREMENT, AUTO_INCREMENT=10;

--
-- AUTO_INCREMENT dla tabeli `covid_poland`
--
ALTER TABLE `covid_poland`
  MODIFY `id` int(10) UNSIGNED NOT NULL AUTO_INCREMENT, AUTO_INCREMENT=41;

--
-- AUTO_INCREMENT dla tabeli `covid_poland_dead`
--
ALTER TABLE `covid_poland_dead`
  MODIFY `id` int(11) NOT NULL AUTO_INCREMENT, AUTO_INCREMENT=11;

--
-- AUTO_INCREMENT dla tabeli `covid_poland_details`
--
ALTER TABLE `covid_poland_details`
  MODIFY `id` int(10) UNSIGNED NOT NULL AUTO_INCREMENT, AUTO_INCREMENT=876;

--
-- AUTO_INCREMENT dla tabeli `covid_poland_regions`
--
ALTER TABLE `covid_poland_regions`
  MODIFY `id` int(10) UNSIGNED NOT NULL AUTO_INCREMENT, AUTO_INCREMENT=17;
COMMIT;

/*!40101 SET CHARACTER_SET_CLIENT=@OLD_CHARACTER_SET_CLIENT */;
/*!40101 SET CHARACTER_SET_RESULTS=@OLD_CHARACTER_SET_RESULTS */;
/*!40101 SET COLLATION_CONNECTION=@OLD_COLLATION_CONNECTION */;
