-- phpMyAdmin SQL Dump
-- version 5.0.2
-- https://www.phpmyadmin.net/
--
-- Host: localhost
-- Czas generowania: 09 Kwi 2020, 08:59
-- Wersja serwera: 10.3.22-MariaDB-0+deb10u1
-- Wersja PHP: 7.4.4

SET SQL_MODE = "NO_AUTO_VALUE_ON_ZERO";
START TRANSACTION;
SET time_zone = "+00:00";


/*!40101 SET @OLD_CHARACTER_SET_CLIENT=@@CHARACTER_SET_CLIENT */;
/*!40101 SET @OLD_CHARACTER_SET_RESULTS=@@CHARACTER_SET_RESULTS */;
/*!40101 SET @OLD_COLLATION_CONNECTION=@@COLLATION_CONNECTION */;
/*!40101 SET NAMES utf8mb4 */;

--
-- Baza danych: `wiki`
--

-- --------------------------------------------------------

--
-- Struktura tabeli dla tabeli `covid_pl`
--

CREATE TABLE `covid_pl` (
  `id` int(10) UNSIGNED NOT NULL,
  `date` date NOT NULL,
  `region_id` int(10) UNSIGNED NOT NULL,
  `infected` int(10) UNSIGNED NOT NULL,
  `death` int(10) UNSIGNED NOT NULL,
  `recovered` int(10) UNSIGNED NOT NULL
) ENGINE=InnoDB DEFAULT CHARSET=utf8mb4;

--
-- Zrzut danych tabeli `covid_pl`
--

INSERT INTO `covid_pl` (`id`, `date`, `region_id`, `infected`, `death`, `recovered`) VALUES
(1, '2020-03-04', 4, 1, 0, 0),
(2, '2020-03-06', 16, 2, 0, 0),
(3, '2020-03-06', 14, 1, 0, 0),
(4, '2020-03-06', 1, 1, 0, 0),
(5, '2020-03-07', 14, 1, 0, 0),
(6, '2020-03-08', 12, 2, 0, 0),
(7, '2020-03-08', 7, 2, 0, 0),
(8, '2020-03-08', 1, 1, 0, 0),
(9, '2020-04-03', 1, 400, 6, 0),
(10, '2020-04-03', 2, 199, 1, 0),
(11, '2020-04-03', 3, 157, 6, 0),
(12, '2020-04-03', 4, 51, 0, 0),
(13, '2020-04-03', 5, 248, 3, 0),
(14, '2020-04-03', 6, 262, 5, 0),
(15, '2020-04-03', 7, 819, 14, 0),
(16, '2020-04-03', 8, 79, 1, 0),
(17, '2020-04-03', 9, 125, 4, 0),
(18, '2020-04-03', 10, 74, 0, 0),
(19, '2020-04-03', 11, 82, 0, 0),
(20, '2020-04-03', 12, 431, 16, 0),
(21, '2020-04-03', 13, 79, 1, 0),
(22, '2020-04-03', 14, 75, 0, 0),
(23, '2020-04-03', 15, 213, 12, 0),
(24, '2020-04-03', 16, 89, 2, 0),
(25, '2020-03-09', 12, 3, 0, 0),
(26, '2020-03-09', 6, 1, 0, 0),
(27, '2020-03-09', 1, 1, 0, 0),
(28, '2020-03-10', 12, 2, 0, 0),
(29, '2020-04-10', 7, 1, 0, 0),
(30, '2020-03-10', 1, 1, 0, 0),
(31, '2020-03-10', 3, 1, 0, 0);

-- --------------------------------------------------------

--
-- Zastąpiona struktura widoku `covid_total_from_details`
-- (Zobacz poniżej rzeczywisty widok)
--
CREATE TABLE `covid_total_from_details` (
`infected` decimal(32,0)
,`death` decimal(32,0)
,`recovered` decimal(32,0)
);

-- --------------------------------------------------------

--
-- Zastąpiona struktura widoku `infected_pl`
-- (Zobacz poniżej rzeczywisty widok)
--
CREATE TABLE `infected_pl` (
`sum(``infected``)` decimal(32,0)
);

-- --------------------------------------------------------

--
-- Zastąpiona struktura widoku `infected_podlaskie`
-- (Zobacz poniżej rzeczywisty widok)
--
CREATE TABLE `infected_podlaskie` (
`date` date
,`-- r.``name``,
    sum(cp.``infected``)` decimal(32,0)
,`sum(cp.``death``)` decimal(32,0)
);

-- --------------------------------------------------------

--
-- Struktura tabeli dla tabeli `tmp_covid_pl`
--

CREATE TABLE `tmp_covid_pl` (
  `date` date NOT NULL,
  `infected` int(11) NOT NULL,
  `region` varchar(100) NOT NULL,
  `region_id` int(11) NOT NULL
) ENGINE=InnoDB DEFAULT CHARSET=utf8mb4;

--
-- Zrzut danych tabeli `tmp_covid_pl`
--

INSERT INTO `tmp_covid_pl` (`date`, `infected`, `region`, `region_id`) VALUES
('2020-04-03', 1, 'lubuskie', 4),
('2020-04-03', 1, 'wielkopolskie', 15),
('2020-04-03', 2, 'lubelskie', 3),
('2020-04-03', 3, 'warmińsko-mazurskie', 14),
('2020-04-03', 4, 'małopolskie', 6),
('2020-04-03', 7, 'pomorskie', 11),
('2020-04-03', 7, 'podlaskie', 10),
('2020-04-03', 8, 'świętokrzyskie', 13),
('2020-04-03', 12, 'łódzkie', 5),
('2020-04-03', 16, 'dolnośląskie', 1),
('2020-04-03', 17, 'mazowieckie', 7),
('2020-04-03', 39, 'kujawsko-pomorskie', 2),
('2020-04-03', 5, 'śląskie', 12),
('2020-04-03', 1, 'opolskie', 8),
('2020-04-03', 2, 'pomorskie', 11),
('2020-04-03', 3, 'kujawsko-pomorskie', 2),
('2020-04-03', 4, 'podkarpackie', 9),
('2020-04-03', 7, 'wielkopolskie', 15),
('2020-04-03', 8, 'podlaskie', 10),
('2020-04-03', 23, 'małopolskie', 6),
('2020-04-03', 27, 'dolnośląskie', 1),
('2020-04-03', 37, 'mazowieckie', 7),
('2020-04-03', 1, 'lubuskie', 4),
('2020-04-03', 3, 'pomorskie', 11),
('2020-04-03', 5, 'lubelskie', 3),
('2020-04-03', 5, 'małopolskie', 6),
('2020-04-03', 5, 'warmińsko-mazurskie', 14),
('2020-04-03', 9, 'świętokrzyskie', 13),
('2020-04-03', 10, 'podkarpackie', 9),
('2020-04-03', 10, 'wielkopolskie', 15),
('2020-04-03', 11, 'opolskie', 8),
('2020-04-03', 19, 'dolnośląskie', 1),
('2020-04-03', 125, 'śląskie', 12),
('2020-04-02', 1, 'lubuskie', 4),
('2020-04-02', 1, 'warmińsko-mazurskie', 14),
('2020-04-02', 2, 'pomorskie', 11),
('2020-04-02', 3, 'wielkopolskie', 15),
('2020-04-02', 3, 'lubelskie', 3),
('2020-04-02', 4, 'podlaskie', 10),
('2020-04-02', 4, 'łódzkie', 5),
('2020-04-02', 6, 'świętokrzyskie', 13),
('2020-04-02', 7, 'małopolskie', 6),
('2020-04-02', 8, 'zachodniopomorskie', 16),
('2020-04-02', 73, 'kujawsko-pomorskie', 2),
('2020-04-02', 142, 'mazowieckie', 7),
('2020-04-02', 1, 'lubelskie', 3),
('2020-04-02', 2, 'warmińsko-mazurskie', 14),
('2020-04-02', 3, 'pomorskie', 11),
('2020-04-02', 3, 'małopolskie', 6),
('2020-04-02', 7, 'podkarpackie', 9),
('2020-04-02', 7, 'śląskie', 12),
('2020-04-02', 8, 'podlaskie', 10),
('2020-04-02', 8, 'dolnośląskie', 1),
('2020-04-02', 9, 'łódzkie', 5),
('2020-04-02', 11, 'wielkopolskie', 15),
('2020-04-02', 1, 'świętokrzyskie', 13),
('2020-04-02', 2, 'zachodniopomorskie', 16),
('2020-04-02', 2, 'łódzkie', 5),
('2020-04-02', 3, 'warmińsko-mazurskie', 14),
('2020-04-02', 3, 'opolskie', 8),
('2020-04-02', 4, 'dolnośląskie', 1),
('2020-04-02', 5, 'pomorskie', 11),
('2020-04-02', 11, 'małopolskie', 6),
('2020-04-02', 12, 'wielkopolskie', 15),
('2020-04-02', 14, 'lubelskie', 3),
('2020-04-02', 22, 'śląskie', 12),
('2020-04-01', 1, 'lubelskie', 3),
('2020-04-01', 2, 'warmińsko-mazurskie', 14),
('2020-04-01', 2, 'opolskie', 8),
('2020-04-01', 3, 'podlaskie', 10),
('2020-04-01', 3, 'zachodniopomorskie', 16),
('2020-04-01', 4, 'pomorskie', 11),
('2020-04-01', 4, 'podkarpackie', 9),
('2020-04-01', 8, 'kujawsko-pomorskie', 2),
('2020-04-01', 11, 'wielkopolskie', 15),
('2020-04-01', 28, 'dolnośląskie', 1),
('2020-04-01', 68, 'mazowieckie', 7),
('2020-04-01', 2, 'pomorskie', 11),
('2020-04-01', 3, 'opolskie', 8),
('2020-04-01', 3, 'zachodniopomorskie', 16),
('2020-04-01', 5, 'lubuskie', 4),
('2020-04-01', 5, 'podkarpackie', 9),
('2020-04-01', 5, 'świętokrzyskie', 13),
('2020-04-01', 8, 'podlaskie', 10),
('2020-04-01', 9, 'małopolskie', 6),
('2020-04-01', 13, 'łódzkie', 5),
('2020-04-01', 20, 'dolnośląskie', 1),
('2020-04-01', 1, 'warmińsko-mazurskie', 14),
('2020-04-01', 1, 'świętokrzyskie', 13),
('2020-04-01', 4, 'zachodniopomorskie', 16),
('2020-04-01', 4, 'dolnośląskie', 1),
('2020-04-01', 8, 'małopolskie', 6),
('2020-04-01', 8, 'śląskie', 12),
('2020-04-01', 10, 'wielkopolskie', 15),
('2020-03-31', 1, 'lubelskie', 3),
('2020-03-31', 2, 'pomorskie', 11),
('2020-03-31', 2, 'zachodniopomorskie', 16),
('2020-03-31', 2, 'podkarpackie', 9),
('2020-03-31', 3, 'wielkopolskie', 15),
('2020-03-31', 3, 'świętokrzyskie', 13),
('2020-03-31', 4, 'opolskie', 8),
('2020-03-31', 6, 'lubuskie', 4),
('2020-03-31', 7, 'dolnośląskie', 1),
('2020-03-31', 9, 'śląskie', 12),
('2020-03-31', 57, 'mazowieckie', 7),
('2020-03-31', 1, 'pomorskie', 11),
('2020-03-31', 1, 'warmińsko-mazurskie', 14),
('2020-03-31', 4, 'zachodniopomorskie', 16),
('2020-03-31', 4, 'kujawsko-pomorskie', 2),
('2020-03-31', 6, 'dolnośląskie', 1),
('2020-03-31', 6, 'łódzkie', 5),
('2020-03-31', 7, 'małopolskie', 6),
('2020-03-31', 10, 'lubelskie', 3),
('2020-03-31', 12, 'opolskie', 8),
('2020-03-31', 13, 'podkarpackie', 9),
('2020-03-31', 19, 'śląskie', 12),
('2020-03-31', 3, 'pomorskie', 11),
('2020-03-31', 3, 'dolnośląskie', 1),
('2020-03-31', 4, 'zachodniopomorskie', 16),
('2020-03-31', 7, 'lubelskie', 3),
('2020-03-31', 9, 'świętokrzyskie', 13),
('2020-03-31', 11, 'małopolskie', 6),
('2020-03-31', 13, 'wielkopolskie', 15),
('2020-03-31', 27, 'śląskie', 12),
('2020-03-30', 1, 'zachodniopomorskie', 16),
('2020-03-30', 3, 'lubelskie', 3),
('2020-03-30', 3, 'opolskie', 8),
('2020-03-30', 6, 'śląskie', 12),
('2020-03-30', 15, 'dolnośląskie', 1),
('2020-03-30', 17, 'wielkopolskie', 15),
('2020-03-30', 26, 'mazowieckie', 7),
('2020-03-30', 1, 'zachodniopomorskie', 16),
('2020-03-30', 2, 'pomorskie', 11),
('2020-03-30', 4, 'wielkopolskie', 15),
('2020-03-30', 4, 'podlaskie', 10),
('2020-03-30', 4, 'podkarpackie', 9),
('2020-03-30', 8, 'opolskie', 8),
('2020-03-30', 12, 'łódzkie', 5),
('2020-03-30', 19, 'małopolskie', 6),
('2020-03-30', 25, 'kujawsko-pomorskie', 2),
('2020-03-30', 1, 'pomorskie', 11),
('2020-03-30', 1, 'warmińsko-mazurskie', 14),
('2020-03-30', 3, 'wielkopolskie', 15),
('2020-03-30', 3, 'świętokrzyskie', 13),
('2020-03-30', 3, 'lubuskie', 4),
('2020-03-30', 4, 'podlaskie', 10),
('2020-03-30', 5, 'małopolskie', 6),
('2020-03-30', 6, 'lubelskie', 3),
('2020-03-30', 8, 'śląskie', 12),
('2020-03-30', 9, 'dolnośląskie', 1),
('2020-03-29', 1, 'świętokrzyskie', 13),
('2020-03-29', 1, 'zachodniopomorskie', 16),
('2020-03-29', 1, 'podlaskie', 10),
('2020-03-29', 4, 'pomorskie', 11),
('2020-03-29', 4, 'lubelskie', 3),
('2020-03-29', 5, 'małopolskie', 6),
('2020-03-29', 7, 'wielkopolskie', 15),
('2020-03-29', 8, 'śląskie', 12),
('2020-03-29', 20, 'dolnośląskie', 1),
('2020-03-29', 40, 'mazowieckie', 7),
('2020-03-29', 2, 'lubelskie', 3),
('2020-03-29', 3, 'zachodniopomorskie', 16),
('2020-03-29', 4, 'pomorskie', 11),
('2020-03-29', 5, 'podkarpackie', 9),
('2020-03-29', 8, 'łódzkie', 5),
('2020-03-29', 10, 'kujawsko-pomorskie', 2),
('2020-03-29', 22, 'małopolskie', 6),
('2020-03-29', 1, 'podlaskie', 10),
('2020-03-29', 1, 'pomorskie', 11),
('2020-03-29', 2, 'zachodniopomorskie', 16),
('2020-03-29', 2, 'wielkopolskie', 15),
('2020-03-29', 6, 'świętokrzyskie', 13),
('2020-03-29', 10, 'warmińsko-mazurskie', 14),
('2020-03-29', 11, 'małopolskie', 6),
('2020-03-29', 12, 'opolskie', 8),
('2020-03-29', 12, 'lubelskie', 3),
('2020-03-29', 22, 'śląskie', 12),
('2020-03-28', 1, 'lubuskie', 4),
('2020-03-28', 1, 'opolskie', 8),
('2020-03-28', 1, 'pomorskie', 11),
('2020-03-28', 2, 'lubelskie', 3),
('2020-03-28', 3, 'małopolskie', 6),
('2020-03-28', 4, 'wielkopolskie', 15),
('2020-03-28', 4, 'zachodniopomorskie', 16),
('2020-03-28', 9, 'podkarpackie', 9),
('2020-03-28', 14, 'śląskie', 12),
('2020-03-28', 15, 'dolnośląskie', 1),
('2020-03-28', 103, 'mazowieckie', 7),
('2020-03-28', 1, 'opolskie', 8),
('2020-03-28', 1, 'podkarpackie', 9),
('2020-03-28', 1, 'lubelskie', 3),
('2020-03-28', 2, 'warmińsko-mazurskie', 14),
('2020-03-28', 3, 'wielkopolskie', 15),
('2020-03-28', 4, 'małopolskie', 6),
('2020-03-28', 5, 'świętokrzyskie', 13),
('2020-03-28', 6, 'dolnośląskie', 1),
('2020-03-28', 8, 'podlaskie', 10),
('2020-03-28', 14, 'łódzkie', 5),
('2020-03-28', 1, 'podlaskie', 10),
('2020-03-28', 1, 'opolskie', 8),
('2020-03-28', 1, 'lubuskie', 4),
('2020-03-28', 2, 'wielkopolskie', 15),
('2020-03-28', 3, 'pomorskie', 11),
('2020-03-28', 4, 'kujawsko-pomorskie', 2),
('2020-03-28', 6, 'lubelskie', 3),
('2020-03-28', 7, 'zachodniopomorskie', 16),
('2020-03-28', 10, 'śląskie', 12),
('2020-03-28', 12, 'małopolskie', 6),
('2020-03-27', 1, 'opolskie', 8),
('2020-03-27', 3, 'podkarpackie', 9),
('2020-03-27', 4, 'dolnośląskie', 1),
('2020-03-27', 4, 'świętokrzyskie', 13),
('2020-03-27', 4, 'wielkopolskie', 15),
('2020-03-27', 6, 'zachodniopomorskie', 16),
('2020-03-27', 27, 'mazowieckie', 7),
('2020-03-27', 1, 'warmińsko-mazurskie', 14),
('2020-03-27', 1, 'lubuskie', 4),
('2020-03-27', 1, 'lubelskie', 3),
('2020-03-27', 5, 'wielkopolskie', 15),
('2020-03-27', 10, 'śląskie', 12),
('2020-03-27', 15, 'dolnośląskie', 1),
('2020-03-27', 18, 'małopolskie', 6),
('2020-03-27', 1, 'zachodniopomorskie', 16),
('2020-03-27', 1, 'podlaskie', 10),
('2020-03-27', 1, 'opolskie', 8),
('2020-03-27', 1, 'pomorskie', 11),
('2020-03-27', 3, 'lubelskie', 3),
('2020-03-27', 5, 'podkarpackie', 9),
('2020-03-27', 6, 'małopolskie', 6),
('2020-03-27', 8, 'wielkopolskie', 15),
('2020-03-27', 9, 'dolnośląskie', 1),
('2020-03-27', 10, 'łódzkie', 5),
('2020-03-27', 2, 'kujawsko-pomorskie', 2),
('2020-03-27', 3, 'pomorskie', 11),
('2020-03-27', 3, 'świętokrzyskie', 13),
('2020-03-27', 3, 'podlaskie', 10),
('2020-03-27', 4, 'warmińsko-mazurskie', 14),
('2020-03-27', 4, 'śląskie', 12),
('2020-03-27', 4, 'wielkopolskie', 15),
('2020-03-26', 1, 'wielkopolskie', 15),
('2020-03-26', 1, 'pomorskie', 11),
('2020-03-26', 2, 'opolskie', 8),
('2020-03-26', 3, 'warmińsko-mazurskie', 14),
('2020-03-26', 3, 'podlaskie', 10),
('2020-03-26', 8, 'podkarpackie', 9),
('2020-03-26', 40, 'mazowieckie', 7),
('2020-03-26', 1, 'zachodniopomorskie', 16),
('2020-03-26', 2, 'pomorskie', 11),
('2020-03-26', 4, 'wielkopolskie', 15),
('2020-03-26', 5, 'lubelskie', 3),
('2020-03-26', 6, 'małopolskie', 6),
('2020-03-26', 7, 'lubuskie', 4),
('2020-03-26', 8, 'dolnośląskie', 1),
('2020-03-26', 10, 'śląskie', 12),
('2020-03-26', 1, 'podkarpackie', 9),
('2020-03-26', 1, 'opolskie', 8),
('2020-03-26', 4, 'małopolskie', 6),
('2020-03-26', 4, 'wielkopolskie', 15),
('2020-03-26', 4, 'śląskie', 12),
('2020-03-26', 7, 'dolnośląskie', 1),
('2020-03-26', 14, 'łódzkie', 5),
('2020-03-26', 1, 'zachodniopomorskie', 16),
('2020-03-26', 1, 'podkarpackie', 9),
('2020-03-26', 1, 'świętokrzyskie', 13),
('2020-03-26', 3, 'warmińsko-mazurskie', 14),
('2020-03-26', 3, 'małopolskie', 6),
('2020-03-26', 3, 'wielkopolskie', 15),
('2020-03-26', 3, 'pomorskie', 11),
('2020-03-26', 4, 'kujawsko-pomorskie', 2),
('2020-03-26', 6, 'śląskie', 12),
('2020-03-26', 9, 'lubelskie', 3),
('2020-03-25', 1, 'zachodniopomorskie', 16),
('2020-03-25', 1, 'podlaskie', 10),
('2020-03-25', 2, 'lubelskie', 3),
('2020-03-25', 2, 'wielkopolskie', 15),
('2020-03-25', 2, 'świętokrzyskie', 13),
('2020-03-25', 3, 'kujawsko-pomorskie', 2),
('2020-03-25', 4, 'małopolskie', 6),
('2020-03-25', 5, 'śląskie', 12),
('2020-03-25', 1, 'małopolskie', 6),
('2020-03-25', 1, 'opolskie', 8),
('2020-03-25', 1, 'zachodniopomorskie', 16),
('2020-03-25', 2, 'podlaskie', 10),
('2020-03-25', 2, 'wielkopolskie', 15),
('2020-03-25', 4, 'świętokrzyskie', 13),
('2020-03-25', 4, 'śląskie', 12),
('2020-03-25', 5, 'dolnośląskie', 1),
('2020-03-25', 15, 'łódzkie', 5),
('2020-03-25', 39, 'mazowieckie', 7),
('2020-03-25', 1, 'warmińsko-mazurskie', 14),
('2020-03-25', 1, 'opolskie', 8),
('2020-03-25', 1, 'małopolskie', 6),
('2020-03-25', 2, 'śląskie', 12),
('2020-03-25', 2, 'lubuskie', 4),
('2020-03-25', 2, 'kujawsko-pomorskie', 2),
('2020-03-25', 4, 'podkarpackie', 9),
('2020-03-25', 7, 'wielkopolskie', 15),
('2020-03-25', 11, 'dolnośląskie', 1),
('2020-03-25', -1, 'zachodniopomorskie', 16),
('2020-03-25', 1, 'małopolskie', 6),
('2020-03-25', 2, 'podkarpackie', 9),
('2020-03-25', 3, 'warmińsko-mazurskie', 14),
('2020-03-25', 3, 'zachodniopomorskie', 16),
('2020-03-25', 4, 'lubelskie', 3),
('2020-03-25', 4, 'wielkopolskie', 15),
('2020-03-25', 9, 'śląskie', 12),
('2020-03-24', -1, 'wielkopolskie', 15),
('2020-03-24', 1, 'zachodniopomorskie', 16),
('2020-03-24', 17, 'dolnośląskie', 1),
('2020-03-24', 1, 'małopolskie', 6),
('2020-03-24', 2, 'lubuskie', 4),
('2020-03-24', 37, 'mazowieckie', 7),
('2020-03-24', 1, 'wielkopolskie', 15),
('2020-03-24', 3, 'warmińsko-mazurskie', 14),
('2020-03-24', 5, 'małopolskie', 6),
('2020-03-24', 5, 'zachodniopomorskie', 16),
('2020-03-24', 5, 'śląskie', 12),
('2020-03-24', 8, 'dolnośląskie', 1),
('2020-03-24', 18, 'łódzkie', 5),
('2020-03-24', 1, 'kujawsko-pomorskie', 2),
('2020-03-24', 6, 'lubelskie', 3),
('2020-03-24', 8, 'dolnośląskie', 1),
('2020-03-24', 10, 'małopolskie', 6),
('2020-03-24', 1, 'warmińsko-mazurskie', 14),
('2020-03-24', 7, 'podkarpackie', 9),
('2020-03-24', 1, 'wielkopolskie', 15),
('2020-03-24', 1, 'pomorskie', 11),
('2020-03-24', 2, 'opolskie', 8),
('2020-03-24', 3, 'lubuskie', 4),
('2020-03-24', 5, 'śląskie', 12),
('2020-03-24', 5, 'zachodniopomorskie', 16),
('2020-03-23', 1, 'kujawsko-pomorskie', 2),
('2020-03-23', 1, 'podlaskie', 10),
('2020-03-23', 2, 'małopolskie', 6),
('2020-03-23', 2, 'zachodniopomorskie', 16),
('2020-03-23', 3, 'warmińsko-mazurskie', 14),
('2020-03-23', 3, 'śląskie', 12),
('2020-03-23', 4, 'lubelskie', 3),
('2020-03-23', 4, 'pomorskie', 11),
('2020-03-23', 4, 'dolnośląskie', 1),
('2020-03-23', 5, 'wielkopolskie', 15),
('2020-03-23', 28, 'mazowieckie', 7),
('2020-03-23', 1, 'podkarpackie', 9),
('2020-03-23', 1, 'lubelskie', 3),
('2020-03-23', 2, 'zachodniopomorskie', 16),
('2020-03-23', 2, 'łódzkie', 5),
('2020-03-23', 2, 'dolnośląskie', 1),
('2020-03-23', -1, 'wielkopolskie', 15),
('2020-03-23', 3, 'łódzkie', 5),
('2020-03-23', 3, 'lubelskie', 3),
('2020-03-23', 4, 'małopolskie', 6),
('2020-03-23', 5, 'opolskie', 8),
('2020-03-23', 5, 'lubuskie', 4),
('2020-03-23', 16, 'dolnośląskie', 1),
('2020-03-23', 1, 'świętokrzyskie', 13),
('2020-03-23', 1, 'lubelskie', 3),
('2020-03-23', 2, 'kujawsko-pomorskie', 2),
('2020-03-23', 3, 'małopolskie', 6),
('2020-03-23', 8, 'śląskie', 12),
('2020-03-22', 1, 'podkarpackie', 9),
('2020-03-22', 1, 'podlaskie', 10),
('2020-03-22', 2, 'lubelskie', 3),
('2020-03-22', 3, 'opolskie', 8),
('2020-03-22', 1, 'warmińsko-mazurskie', 14),
('2020-03-22', 1, 'lubelskie', 3),
('2020-03-22', 2, 'lubuskie', 4),
('2020-03-22', 4, 'małopolskie', 6),
('2020-03-22', 5, 'śląskie', 12),
('2020-03-22', 6, 'wielkopolskie', 15),
('2020-03-22', 10, 'dolnośląskie', 1),
('2020-03-22', 15, 'łódzkie', 5),
('2020-03-22', 20, 'mazowieckie', 7),
('2020-03-22', 1, 'opolskie', 8),
('2020-03-22', 1, 'pomorskie', 11),
('2020-03-22', 2, 'podkarpackie', 9),
('2020-03-22', 3, 'dolnośląskie', 1),
('2020-03-22', 4, 'małopolskie', 6),
('2020-03-22', 5, 'lubelskie', 3),
('2020-03-22', 1, 'podkarpackie', 9),
('2020-03-22', 1, 'warmińsko-mazurskie', 14),
('2020-03-22', 2, 'zachodniopomorskie', 16),
('2020-03-22', 2, 'pomorskie', 11),
('2020-03-22', 5, 'śląskie', 12),
('2020-03-21', 1, 'świętokrzyskie', 13),
('2020-03-21', 1, 'lubelskie', 3),
('2020-03-21', 2, 'kujawsko-pomorskie', 2),
('2020-03-21', 5, 'wielkopolskie', 15),
('2020-03-21', 15, 'łódzkie', 5),
('2020-03-21', 20, 'mazowieckie', 7),
('2020-03-21', 1, 'małopolskie', 6),
('2020-03-21', 3, 'pomorskie', 11),
('2020-03-21', 5, 'dolnośląskie', 1),
('2020-03-21', 5, 'podkarpackie', 9),
('2020-03-21', 7, 'śląskie', 12),
('2020-03-21', 19, 'łódzkie', 5),
('2020-03-21', 1, 'kujawsko-pomorskie', 2),
('2020-03-21', 1, 'lubelskie', 3),
('2020-03-21', 1, 'małopolskie', 6),
('2020-03-21', 1, 'podkarpackie', 9),
('2020-03-21', 2, 'podlaskie', 10),
('2020-03-21', 3, 'dolnośląskie', 1),
('2020-03-21', 4, 'wielkopolskie', 15),
('2020-03-21', 1, 'kujawsko-pomorskie', 2),
('2020-03-21', 1, 'zachodniopomorskie', 16),
('2020-03-21', 1, 'lubelskie', 3),
('2020-03-21', 1, 'pomorskie', 11),
('2020-03-21', 3, 'warmińsko-mazurskie', 14),
('2020-03-21', 3, 'śląskie', 12),
('2020-03-21', 4, 'wielkopolskie', 15),
('2020-03-20', 1, 'małopolskie', 6),
('2020-03-20', 1, 'warmińsko-mazurskie', 14),
('2020-03-20', 3, 'śląskie', 12),
('2020-03-20', 9, 'łódzkie', 5),
('2020-03-20', 1, 'podkarpackie', 9),
('2020-03-20', 1, 'podlaskie', 10),
('2020-03-20', 1, 'pomorskie', 11),
('2020-03-20', 2, 'dolnośląskie', 1),
('2020-03-20', 3, 'kujawsko-pomorskie', 2),
('2020-03-20', 25, 'mazowieckie', 7),
('2020-03-20', 1, 'małopolskie', 6),
('2020-03-20', 1, 'podlaskie', 10),
('2020-03-20', 1, 'podkarpackie', 9),
('2020-03-20', 2, 'wielkopolskie', 15),
('2020-03-20', 3, 'dolnośląskie', 1),
('2020-03-20', 3, 'lubelskie', 3),
('2020-03-20', 1, 'świętokrzyskie', 13),
('2020-03-20', 1, 'śląskie', 12),
('2020-03-20', 1, 'wielkopolskie', 15),
('2020-03-20', 4, 'warmińsko-mazurskie', 14),
('2020-03-20', 5, 'małopolskie', 6),
('2020-03-19', -1, 'podlaskie', 10),
('2020-03-19', -1, 'dolnośląskie', 1),
('2020-03-19', 1, 'dolnośląskie', 1),
('2020-03-19', 1, 'zachodniopomorskie', 16),
('2020-03-19', 1, 'małopolskie', 6),
('2020-03-19', 1, 'podkarpackie', 9),
('2020-03-19', 1, 'wielkopolskie', 15),
('2020-03-19', 5, 'lubuskie', 4),
('2020-03-19', 6, 'śląskie', 12),
('2020-03-19', 16, 'mazowieckie', 7),
('2020-03-19', 1, 'warmińsko-mazurskie', 14),
('2020-03-19', 1, 'lubuskie', 4),
('2020-03-19', 2, 'podkarpackie', 9),
('2020-03-19', 3, 'kujawsko-pomorskie', 2),
('2020-03-19', 13, 'dolnośląskie', 1),
('2020-03-19', 1, 'świętokrzyskie', 13),
('2020-03-19', 1, 'wielkopolskie', 15),
('2020-03-19', 1, 'opolskie', 8),
('2020-03-19', 3, 'lubelskie', 3),
('2020-03-19', 6, 'łódzkie', 5),
('2020-03-19', 6, 'śląskie', 12),
('2020-03-18', 1, 'opolskie', 8),
('2020-03-18', 1, 'pomorskie', 11),
('2020-03-18', 2, 'dolnośląskie', 1),
('2020-03-18', 4, 'śląskie', 12),
('2020-03-18', 28, 'mazowieckie', 7),
('2020-03-18', 1, 'podlaskie', 10),
('2020-03-18', 1, 'małopolskie', 6),
('2020-03-18', 1, 'lubuskie', 4),
('2020-03-18', 2, 'podkarpackie', 9),
('2020-03-18', 1, 'świętokrzyskie', 13),
('2020-03-18', 1, 'podkarpackie', 9),
('2020-03-18', 2, 'śląskie', 12),
('2020-03-18', 4, 'warmińsko-mazurskie', 14),
('2020-03-17', 1, 'podlaskie', 10),
('2020-03-17', 1, 'zachodniopomorskie', 16),
('2020-03-17', 1, 'śląskie', 12),
('2020-03-17', 1, 'opolskie', 8),
('2020-03-17', 5, 'dolnośląskie', 1),
('2020-03-17', 8, 'łódzkie', 5),
('2020-03-17', 1, 'kujawsko-pomorskie', 2),
('2020-03-17', 1, 'lubelskie', 3),
('2020-03-17', 1, 'małopolskie', 6),
('2020-03-17', 2, 'wielkopolskie', 15),
('2020-03-17', 2, 'śląskie', 12),
('2020-03-17', 3, 'łódzkie', 5),
('2020-03-17', 6, 'dolnośląskie', 1),
('2020-03-17', 1, 'zachodniopomorskie', 16),
('2020-03-17', 1, 'opolskie', 8),
('2020-03-17', 2, 'warmińsko-mazurskie', 14),
('2020-03-17', 2, 'małopolskie', 6),
('2020-03-17', 3, 'śląskie', 12),
('2020-03-17', 3, 'lubelskie', 3),
('2020-03-17', 3, 'mazowieckie', 7),
('2020-03-17', 6, 'pomorskie', 11),
('2020-03-17', 7, 'kujawsko-pomorskie', 2),
('2020-03-16', 1, 'podkarpackie', 9),
('2020-03-16', 1, 'wielkopolskie', 15),
('2020-03-16', 1, 'lubelskie', 3),
('2020-03-16', 3, 'dolnośląskie', 1),
('2020-03-16', 5, 'mazowieckie', 7),
('2020-03-16', 10, 'łódzkie', 5),
('2020-03-16', 2, 'śląskie', 12),
('2020-03-16', 1, 'małopolskie', 6),
('2020-03-16', 3, 'mazowieckie', 7),
('2020-03-16', 2, 'podkarpackie', 9),
('2020-03-16', 2, 'łódzkie', 5),
('2020-03-16', 2, 'śląskie', 12),
('2020-03-16', 2, 'opolskie', 8),
('2020-03-16', 1, 'wielkopolskie', 15),
('2020-03-16', 2, 'wielkopolskie', 15),
('2020-03-16', 5, 'mazowieckie', 7),
('2020-03-16', 1, 'dolnośląskie', 1),
('2020-03-16', 8, 'dolnośląskie', 1),
('2020-03-15', 1, 'zachodniopomorskie', 16),
('2020-03-15', 1, 'dolnośląskie', 1),
('2020-03-15', 1, 'lubelskie', 3),
('2020-03-15', 1, 'łódzkie', 5),
('2020-03-15', 2, 'śląskie', 12),
('2020-03-15', 1, 'lubuskie', 4),
('2020-03-15', 3, 'łódzkie', 5),
('2020-03-15', 4, 'mazowieckie', 7),
('2020-03-15', 1, 'dolnośląskie', 1),
('2020-03-15', 1, 'warmińsko-mazurskie', 14),
('2020-03-15', 1, 'świętokrzyskie', 13),
('2020-03-15', 2, 'mazowieckie', 7),
('2020-03-15', 1, 'podkarpackie', 9),
('2020-03-15', 1, 'lubelskie', 3),
('2020-03-14', 1, 'opolskie', 8),
('2020-03-14', 2, 'lubelskie', 3),
('2020-03-14', 2, 'dolnośląskie', 1),
('2020-03-14', 2, 'łódzkie', 5),
('2020-03-14', 1, 'podkarpackie', 9),
('2020-03-14', 3, 'mazowieckie', 7),
('2020-03-14', 5, 'łódzkie', 5),
('2020-03-14', 1, 'lubelskie', 3),
('2020-03-14', 1, 'wielkopolskie', 15),
('2020-03-14', 2, 'mazowieckie', 7),
('2020-03-14', 1, 'opolskie', 8),
('2020-03-14', 2, 'pomorskie', 11),
('2020-03-14', 3, 'łódzkie', 5),
('2020-03-14', 5, 'lubelskie', 3),
('2020-03-14', 3, 'dolnośląskie', 1),
('2020-03-14', 2, 'świętokrzyskie', 13),
('2020-03-13', 4, 'mazowieckie', 7),
('2020-03-13', 1, 'śląskie', 12),
('2020-03-13', 1, 'podkarpackie', 9),
('2020-03-13', 1, 'wielkopolskie', 15),
('2020-03-13', 1, 'mazowieckie', 7),
('2020-03-13', 2, 'zachodniopomorskie', 16),
('2020-03-13', 3, 'łódzkie', 5),
('2020-03-13', 1, 'dolnośląskie', 1),
('2020-03-13', 1, 'lubelskie', 3),
('2020-03-13', 2, 'podkarpackie', 9),
('2020-03-12', 2, 'wielkopolskie', 15),
('2020-03-12', 1, 'opolskie', 8),
('2020-03-12', 1, 'zachodniopomorskie', 16),
('2020-03-12', 2, 'podkarpackie', 9),
('2020-03-12', 1, 'wielkopolskie', 15),
('2020-03-12', 3, 'dolnośląskie', 1),
('2020-03-12', 1, 'łódzkie', 5),
('2020-03-12', 3, 'śląskie', 12),
('2020-03-12', 4, 'lubelskie', 3),
('2020-03-12', 2, 'mazowieckie', 7),
('2020-03-11', 1, 'wielkopolskie', 15),
('2020-03-11', 1, 'opolskie', 8),
('2020-03-11', 2, 'warmińsko-mazurskie', 14),
('2020-03-11', 1, 'łódzkie', 5),
('2020-03-11', 1, 'śląskie', 12),
('2020-03-11', 1, 'podkarpackie', 9),
('2020-03-11', 1, 'mazowieckie', 7),
('2020-03-10', 1, 'lubelskie', 3),
('2020-03-10', 1, 'lubelskie', 3),
('2020-03-10', 1, 'dolnośląskie', 1),
('2020-03-10', 2, 'śląskie', 12),
('2020-03-10', 1, 'mazowieckie', 7),
('2020-03-09', 1, 'wielkopolskie', 15),
('2020-03-09', 1, 'dolnośląskie', 1),
('2020-03-09', 3, 'śląskie', 12),
('2020-03-09', 1, 'małopolskie', 6),
('2020-03-08', 1, 'dolnośląskie', 1),
('2020-03-08', 1, 'mazowieckie', 7),
('2020-03-08', 1, 'śląskie', 12),
('2020-03-08', 1, 'mazowieckie', 7),
('2020-03-08', 1, 'śląskie', 12),
('2020-03-07', 1, 'warmińsko-mazurskie', 14),
('2020-03-06', 1, 'dolnośląskie', 1),
('2020-03-06', 1, 'warmińsko-mazurskie', 14),
('2020-03-06', 2, 'zachodniopomorskie', 16),
('2020-03-04', 1, 'lubuskie', 4);

-- --------------------------------------------------------

--
-- Struktura tabeli dla tabeli `tmp_covid_pl2`
--

CREATE TABLE `tmp_covid_pl2` (
  `date` date NOT NULL,
  `death` int(11) NOT NULL,
  `region` varchar(100) NOT NULL,
  `region_id` int(11) DEFAULT NULL
) ENGINE=InnoDB DEFAULT CHARSET=utf8mb4;

--
-- Zrzut danych tabeli `tmp_covid_pl2`
--

INSERT INTO `tmp_covid_pl2` (`date`, `death`, `region`, `region_id`) VALUES
('2020-04-03', 2, 'wielkopolskie', 15),
('2020-04-03', 2, 'łódzkie', 5),
('2020-04-03', 2, 'śląskie', 12),
('2020-04-03', 1, 'małopolskie', 6),
('2020-04-03', 1, 'kujawsko-pomorskie', 2),
('2020-04-03', 1, 'lubelskie', 3),
('2020-04-03', 1, 'wielkopolskie', 15),
('2020-04-03', 2, 'śląskie', 12),
('2020-04-03', 1, 'wielkopolskie', 15),
('2020-04-03', 1, 'śląskie', 12),
('2020-04-02', 2, 'wielkopolskie', 15),
('2020-04-02', 2, 'małopolskie', 6),
('2020-04-02', 3, 'mazowieckie', 7),
('2020-04-02', 1, 'zachodniopomorskie', 16),
('2020-04-02', 1, 'małopolskie', 6),
('2020-04-02', 2, 'dolnośląskie', 1),
('2020-04-02', 1, 'opolskie', 8),
('2020-04-02', 1, 'śląskie', 12),
('2020-04-02', 1, 'podkarpackie', 9),
('2020-04-01', 2, 'mazowieckie', 7),
('2020-04-01', 1, 'lubelskie', 3),
('2020-04-01', 3, 'wielkopolskie', 15),
('2020-04-01', 1, 'łódzkie', 5),
('2020-04-01', 1, 'śląskie', 12),
('2020-04-01', 1, 'śląskie', 12),
('2020-04-01', 1, 'mazowieckie', 7),
('2020-03-31', 1, 'mazowieckie', 7),
('2020-03-31', 1, 'śląskie', 12),
('2020-03-30', 1, 'lubelskie', 3),
('2020-03-30', 1, 'śląskie', 12),
('2020-03-30', 3, 'mazowieckie', 7),
('2020-03-30', 2, 'podkarpackie', 9),
('2020-03-30', 1, 'śląskie', 12),
('2020-03-30', 1, 'wielkopolskie', 15),
('2020-03-29', 1, 'małopolskie', 6),
('2020-03-29', 1, 'śląskie', 12),
('2020-03-29', 1, 'śląskie', 12),
('2020-03-29', 1, 'śląskie', 12),
('2020-03-28', 1, 'mazowieckie', 7),
('2020-03-28', 1, 'lubelskie', 3),
('2020-03-26', 2, 'mazowieckie', 7),
('2020-03-25', -1, 'dolnośląskie', 1),
('2020-03-26', 1, 'zachodniopomorskie', 16),
('2020-03-25', 1, 'świętokrzyskie', 13),
('2020-03-25', 1, 'dolnośląskie', 1),
('2020-03-25', 2, 'dolnośląskie', 1),
('2020-03-24', 1, 'śląskie', 12),
('2020-03-24', 1, 'lubelskie', 3),
('2020-03-23', 1, 'śląskie', 12),
('2020-03-22', 1, 'mazowieckie', 7),
('2020-03-22', 1, 'wielkopolskie', 15),
('2020-03-20', -1, 'podkarpackie', 9),
('2020-03-20', 1, 'podkarpackie', 9),
('2020-03-17', 1, 'dolnośląskie', 1),
('2020-03-16', 1, 'podkarpackie', 9),
('2020-03-14', 1, 'lubelskie', 3),
('2020-03-13', 1, 'dolnośląskie', 1),
('2020-03-12', 1, 'wielkopolskie\r\n', 15);

-- --------------------------------------------------------

--
-- Struktura tabeli dla tabeli `tmp_death`
--

CREATE TABLE `tmp_death` (
  `id` int(11) NOT NULL,
  `date` date NOT NULL,
  `death` int(11) NOT NULL,
  `region_id` int(11) NOT NULL
) ENGINE=InnoDB DEFAULT CHARSET=utf8mb4;

--
-- Zrzut danych tabeli `tmp_death`
--

INSERT INTO `tmp_death` (`id`, `date`, `death`, `region_id`) VALUES
(1, '2020-03-12', 1, 15),
(2, '2020-03-13', 1, 1),
(3, '2020-03-14', 1, 3),
(4, '2020-03-16', 1, 9),
(5, '2020-03-17', 1, 1),
(7, '2020-03-22', 1, 7),
(8, '2020-03-22', 1, 15),
(9, '2020-03-23', 1, 12),
(10, '2020-03-24', 1, 3),
(11, '2020-03-24', 1, 12),
(12, '2020-03-25', 2, 1),
(13, '2020-03-25', 1, 13),
(14, '2020-03-26', 2, 7),
(15, '2020-03-26', 1, 16),
(16, '2020-03-28', 1, 3),
(17, '2020-03-28', 1, 7),
(18, '2020-03-29', 1, 6),
(19, '2020-03-29', 3, 12),
(20, '2020-03-30', 1, 3),
(21, '2020-03-30', 3, 7),
(22, '2020-03-30', 2, 9),
(23, '2020-03-30', 2, 12),
(24, '2020-03-30', 1, 15),
(25, '2020-03-31', 1, 7),
(26, '2020-03-31', 1, 12),
(27, '2020-04-01', 1, 3),
(28, '2020-04-01', 1, 5),
(29, '2020-04-01', 3, 7),
(30, '2020-04-01', 2, 12),
(31, '2020-04-01', 3, 15),
(32, '2020-04-02', 2, 1),
(33, '2020-04-02', 3, 6),
(34, '2020-04-02', 3, 7),
(35, '2020-04-02', 1, 8),
(36, '2020-04-02', 1, 9),
(37, '2020-04-02', 1, 12),
(38, '2020-04-02', 2, 15),
(39, '2020-04-02', 1, 16),
(40, '2020-04-03', 1, 2),
(41, '2020-04-03', 1, 3),
(42, '2020-04-03', 2, 5),
(43, '2020-04-03', 1, 6),
(44, '2020-04-03', 5, 12),
(45, '2020-04-03', 4, 15);

-- --------------------------------------------------------

--
-- Struktura tabeli dla tabeli `tmp_infected`
--

CREATE TABLE `tmp_infected` (
  `id` int(11) NOT NULL,
  `date` date NOT NULL,
  `infected` int(11) NOT NULL,
  `region_id` int(11) NOT NULL
) ENGINE=InnoDB DEFAULT CHARSET=utf8mb4;

--
-- Zrzut danych tabeli `tmp_infected`
--

INSERT INTO `tmp_infected` (`id`, `date`, `infected`, `region_id`) VALUES
(1, '2020-03-04', 1, 4),
(2, '2020-03-06', 1, 1),
(3, '2020-03-06', 1, 14),
(4, '2020-03-06', 2, 16),
(5, '2020-03-07', 1, 14),
(6, '2020-03-08', 1, 1),
(7, '2020-03-08', 2, 7),
(8, '2020-03-08', 2, 12),
(9, '2020-03-09', 1, 1),
(10, '2020-03-09', 1, 6),
(11, '2020-03-09', 3, 12),
(12, '2020-03-09', 1, 15),
(13, '2020-03-10', 1, 1),
(14, '2020-03-10', 2, 3),
(15, '2020-03-10', 1, 7),
(16, '2020-03-10', 2, 12),
(17, '2020-03-11', 1, 5),
(18, '2020-03-11', 1, 7),
(19, '2020-03-11', 1, 8),
(20, '2020-03-11', 1, 9),
(21, '2020-03-11', 1, 12),
(22, '2020-03-11', 2, 14),
(23, '2020-03-11', 1, 15),
(24, '2020-03-12', 3, 1),
(25, '2020-03-12', 4, 3),
(26, '2020-03-12', 1, 5),
(27, '2020-03-12', 2, 7),
(28, '2020-03-12', 1, 8),
(29, '2020-03-12', 2, 9),
(30, '2020-03-12', 3, 12),
(31, '2020-03-12', 3, 15),
(32, '2020-03-12', 1, 16),
(33, '2020-03-13', 1, 1),
(34, '2020-03-13', 1, 3),
(35, '2020-03-13', 3, 5),
(36, '2020-03-13', 5, 7),
(37, '2020-03-13', 3, 9),
(38, '2020-03-13', 1, 12),
(39, '2020-03-13', 1, 15),
(40, '2020-03-13', 2, 16),
(41, '2020-03-14', 5, 1),
(42, '2020-03-14', 8, 3),
(43, '2020-03-14', 10, 5),
(44, '2020-03-14', 5, 7),
(45, '2020-03-14', 2, 8),
(46, '2020-03-14', 1, 9),
(47, '2020-03-14', 2, 11),
(48, '2020-03-14', 2, 13),
(49, '2020-03-14', 1, 15),
(50, '2020-03-15', 2, 1),
(51, '2020-03-15', 2, 3),
(52, '2020-03-15', 1, 4),
(53, '2020-03-15', 4, 5),
(54, '2020-03-15', 6, 7),
(55, '2020-03-15', 1, 9),
(56, '2020-03-15', 2, 12),
(57, '2020-03-15', 1, 13),
(58, '2020-03-15', 1, 14),
(59, '2020-03-15', 1, 16),
(60, '2020-03-16', 12, 1),
(61, '2020-03-16', 1, 3),
(62, '2020-03-16', 12, 5),
(63, '2020-03-16', 1, 6),
(64, '2020-03-16', 13, 7),
(65, '2020-03-16', 2, 8),
(66, '2020-03-16', 3, 9),
(67, '2020-03-16', 4, 12),
(68, '2020-03-16', 4, 15),
(69, '2020-03-17', 11, 1),
(70, '2020-03-17', 8, 2),
(71, '2020-03-17', 4, 3),
(72, '2020-03-17', 11, 5),
(73, '2020-03-17', 3, 6),
(74, '2020-03-17', 3, 7),
(75, '2020-03-17', 2, 8),
(76, '2020-03-17', 1, 10),
(77, '2020-03-17', 6, 11),
(78, '2020-03-17', 6, 12),
(79, '2020-03-17', 2, 14),
(80, '2020-03-17', 2, 15),
(81, '2020-03-17', 2, 16),
(82, '2020-03-18', 2, 1),
(83, '2020-03-18', 1, 4),
(84, '2020-03-18', 1, 6),
(85, '2020-03-18', 28, 7),
(86, '2020-03-18', 1, 8),
(87, '2020-03-18', 3, 9),
(88, '2020-03-18', 1, 10),
(89, '2020-03-18', 1, 11),
(90, '2020-03-18', 6, 12),
(91, '2020-03-18', 1, 13),
(92, '2020-03-18', 4, 14),
(93, '2020-03-19', 13, 1),
(94, '2020-03-19', 3, 2),
(95, '2020-03-19', 3, 3),
(96, '2020-03-19', 6, 4),
(97, '2020-03-19', 6, 5),
(98, '2020-03-19', 1, 6),
(99, '2020-03-19', 16, 7),
(100, '2020-03-19', 1, 8),
(101, '2020-03-19', 3, 9),
(103, '2020-03-19', 12, 12),
(104, '2020-03-19', 1, 13),
(105, '2020-03-19', 1, 14),
(106, '2020-03-19', 2, 15),
(107, '2020-03-19', 1, 16),
(108, '2020-03-20', 5, 1),
(109, '2020-03-20', 3, 2),
(110, '2020-03-20', 3, 3),
(111, '2020-03-20', 9, 5),
(112, '2020-03-20', 7, 6),
(113, '2020-03-20', 25, 7),
(114, '2020-03-20', 2, 9),
(115, '2020-03-20', 2, 10),
(116, '2020-03-20', 1, 11),
(117, '2020-03-20', 4, 12),
(118, '2020-03-20', 1, 13),
(119, '2020-03-20', 5, 14),
(120, '2020-03-20', 3, 15),
(121, '2020-03-21', 8, 1),
(122, '2020-03-21', 4, 2),
(123, '2020-03-21', 3, 3),
(124, '2020-03-21', 34, 5),
(125, '2020-03-21', 2, 6),
(126, '2020-03-21', 20, 7),
(127, '2020-03-21', 6, 9),
(128, '2020-03-21', 2, 10),
(129, '2020-03-21', 4, 11),
(130, '2020-03-21', 10, 12),
(131, '2020-03-21', 1, 13),
(132, '2020-03-21', 3, 14),
(133, '2020-03-21', 13, 15),
(134, '2020-03-21', 1, 16),
(135, '2020-03-22', 13, 1),
(136, '2020-03-22', 8, 3),
(137, '2020-03-22', 2, 4),
(138, '2020-03-22', 15, 5),
(139, '2020-03-22', 8, 6),
(140, '2020-03-22', 20, 7),
(141, '2020-03-22', 4, 8),
(142, '2020-03-22', 4, 9),
(143, '2020-03-22', 1, 10),
(144, '2020-03-22', 3, 11),
(145, '2020-03-22', 10, 12),
(146, '2020-03-22', 2, 14),
(147, '2020-03-22', 6, 15),
(148, '2020-03-22', 2, 16),
(149, '2020-03-23', 22, 1),
(150, '2020-03-23', 3, 2),
(151, '2020-03-23', 9, 3),
(152, '2020-03-23', 5, 4),
(153, '2020-03-23', 5, 5),
(154, '2020-03-23', 9, 6),
(155, '2020-03-23', 28, 7),
(156, '2020-03-23', 5, 8),
(157, '2020-03-23', 1, 9),
(158, '2020-03-23', 1, 10),
(159, '2020-03-23', 4, 11),
(160, '2020-03-23', 11, 12),
(161, '2020-03-23', 1, 13),
(162, '2020-03-23', 3, 14),
(163, '2020-03-23', 4, 15),
(164, '2020-03-23', 4, 16),
(165, '2020-03-24', 33, 1),
(166, '2020-03-24', 1, 2),
(167, '2020-03-24', 6, 3),
(168, '2020-03-24', 5, 4),
(169, '2020-03-24', 18, 5),
(170, '2020-03-24', 16, 6),
(171, '2020-03-24', 37, 7),
(172, '2020-03-24', 2, 8),
(173, '2020-03-24', 7, 9),
(174, '2020-03-24', 1, 11),
(175, '2020-03-24', 10, 12),
(176, '2020-03-24', 4, 14),
(177, '2020-03-24', 1, 15),
(178, '2020-03-24', 11, 16),
(179, '2020-03-25', 16, 1),
(180, '2020-03-25', 5, 2),
(181, '2020-03-25', 6, 3),
(182, '2020-03-25', 2, 4),
(183, '2020-03-25', 15, 5),
(184, '2020-03-25', 7, 6),
(185, '2020-03-25', 39, 7),
(186, '2020-03-25', 2, 8),
(187, '2020-03-25', 6, 9),
(188, '2020-03-25', 3, 10),
(189, '2020-03-25', 20, 12),
(190, '2020-03-25', 6, 13),
(191, '2020-03-25', 4, 14),
(192, '2020-03-25', 15, 15),
(193, '2020-03-25', 4, 16),
(194, '2020-03-26', 15, 1),
(195, '2020-03-26', 4, 2),
(196, '2020-03-26', 14, 3),
(197, '2020-03-26', 7, 4),
(198, '2020-03-26', 14, 5),
(199, '2020-03-26', 13, 6),
(200, '2020-03-26', 40, 7),
(201, '2020-03-26', 3, 8),
(202, '2020-03-26', 10, 9),
(203, '2020-03-26', 3, 10),
(204, '2020-03-26', 6, 11),
(205, '2020-03-26', 20, 12),
(206, '2020-03-26', 1, 13),
(207, '2020-03-26', 6, 14),
(208, '2020-03-26', 12, 15),
(209, '2020-03-26', 2, 16),
(210, '2020-03-27', 28, 1),
(211, '2020-03-27', 2, 2),
(212, '2020-03-27', 4, 3),
(213, '2020-03-27', 1, 4),
(214, '2020-03-27', 10, 5),
(215, '2020-03-27', 24, 6),
(216, '2020-03-27', 27, 7),
(217, '2020-03-27', 2, 8),
(218, '2020-03-27', 8, 9),
(219, '2020-03-27', 4, 10),
(220, '2020-03-27', 4, 11),
(221, '2020-03-27', 14, 12),
(222, '2020-03-27', 7, 13),
(223, '2020-03-27', 5, 14),
(224, '2020-03-27', 21, 15),
(225, '2020-03-27', 7, 16),
(226, '2020-03-28', 21, 1),
(227, '2020-03-28', 4, 2),
(228, '2020-03-28', 9, 3),
(229, '2020-03-28', 2, 4),
(230, '2020-03-28', 14, 5),
(231, '2020-03-28', 19, 6),
(232, '2020-03-28', 103, 7),
(233, '2020-03-28', 3, 8),
(234, '2020-03-28', 10, 9),
(235, '2020-03-28', 9, 10),
(236, '2020-03-28', 4, 11),
(237, '2020-03-28', 24, 12),
(238, '2020-03-28', 5, 13),
(239, '2020-03-28', 2, 14),
(240, '2020-03-28', 9, 15),
(241, '2020-03-28', 11, 16),
(242, '2020-03-29', 20, 1),
(243, '2020-03-29', 10, 2),
(244, '2020-03-29', 18, 3),
(245, '2020-03-29', 8, 5),
(246, '2020-03-29', 38, 6),
(247, '2020-03-29', 40, 7),
(248, '2020-03-29', 12, 8),
(249, '2020-03-29', 5, 9),
(250, '2020-03-29', 2, 10),
(251, '2020-03-29', 9, 11),
(252, '2020-03-29', 30, 12),
(253, '2020-03-29', 7, 13),
(254, '2020-03-29', 10, 14),
(255, '2020-03-29', 9, 15),
(256, '2020-03-29', 6, 16),
(257, '2020-03-30', 24, 1),
(258, '2020-03-30', 25, 2),
(259, '2020-03-30', 9, 3),
(260, '2020-03-30', 3, 4),
(261, '2020-03-30', 12, 5),
(262, '2020-03-30', 24, 6),
(263, '2020-03-30', 26, 7),
(264, '2020-03-30', 11, 8),
(265, '2020-03-30', 4, 9),
(266, '2020-03-30', 8, 10),
(267, '2020-03-30', 3, 11),
(268, '2020-03-30', 14, 12),
(269, '2020-03-30', 3, 13),
(270, '2020-03-30', 1, 14),
(271, '2020-03-30', 24, 15),
(272, '2020-03-30', 2, 16),
(273, '2020-03-31', 16, 1),
(274, '2020-03-31', 4, 2),
(275, '2020-03-31', 18, 3),
(276, '2020-03-31', 6, 4),
(277, '2020-03-31', 6, 5),
(278, '2020-03-31', 18, 6),
(279, '2020-03-31', 57, 7),
(280, '2020-03-31', 16, 8),
(281, '2020-03-31', 15, 9),
(282, '2020-03-31', 6, 11),
(283, '2020-03-31', 55, 12),
(284, '2020-03-31', 12, 13),
(285, '2020-03-31', 1, 14),
(286, '2020-03-31', 16, 15),
(287, '2020-03-31', 10, 16),
(288, '2020-04-01', 52, 1),
(289, '2020-04-01', 8, 2),
(290, '2020-04-01', 1, 3),
(291, '2020-04-01', 5, 4),
(292, '2020-04-01', 13, 5),
(293, '2020-04-01', 17, 6),
(294, '2020-04-01', 68, 7),
(295, '2020-04-01', 5, 8),
(296, '2020-04-01', 9, 9),
(297, '2020-04-01', 11, 10),
(298, '2020-04-01', 6, 11),
(299, '2020-04-01', 8, 12),
(300, '2020-04-01', 6, 13),
(301, '2020-04-01', 3, 14),
(302, '2020-04-01', 21, 15),
(303, '2020-04-01', 10, 16),
(304, '2020-04-02', 12, 1),
(305, '2020-04-02', 73, 2),
(306, '2020-04-02', 18, 3),
(307, '2020-04-02', 1, 4),
(308, '2020-04-02', 15, 5),
(309, '2020-04-02', 21, 6),
(310, '2020-04-02', 142, 7),
(311, '2020-04-02', 3, 8),
(312, '2020-04-02', 7, 9),
(313, '2020-04-02', 12, 10),
(314, '2020-04-02', 10, 11),
(315, '2020-04-02', 29, 12),
(316, '2020-04-02', 7, 13),
(317, '2020-04-02', 6, 14),
(318, '2020-04-02', 26, 15),
(319, '2020-04-02', 10, 16),
(320, '2020-04-03', 62, 1),
(321, '2020-04-03', 42, 2),
(322, '2020-04-03', 7, 3),
(323, '2020-04-03', 2, 4),
(324, '2020-04-03', 12, 5),
(325, '2020-04-03', 32, 6),
(326, '2020-04-03', 54, 7),
(327, '2020-04-03', 12, 8),
(328, '2020-04-03', 14, 9),
(329, '2020-04-03', 15, 10),
(330, '2020-04-03', 12, 11),
(331, '2020-04-03', 130, 12),
(332, '2020-04-03', 17, 13),
(333, '2020-04-03', 8, 14),
(334, '2020-04-03', 18, 15);

-- --------------------------------------------------------

--
-- Struktura widoku `covid_total_from_details`
--
DROP TABLE IF EXISTS `covid_total_from_details`;

CREATE ALGORITHM=UNDEFINED DEFINER=`omicron`@`localhost` SQL SECURITY DEFINER VIEW `covid_total_from_details`  AS  select sum(`covid_pl2`.`infected`) AS `infected`,sum(`covid_pl2`.`death`) AS `death`,sum(`covid_pl2`.`recovered`) AS `recovered` from `covid_pl2` ;

-- --------------------------------------------------------

--
-- Struktura widoku `infected_pl`
--
DROP TABLE IF EXISTS `infected_pl`;

CREATE ALGORITHM=UNDEFINED DEFINER=`omicron`@`localhost` SQL SECURITY DEFINER VIEW `infected_pl`  AS  select sum(`covid_pl`.`infected`) AS `sum(``infected``)` from `covid_pl` where `covid_pl`.`date` < '2020-04-01' ;

-- --------------------------------------------------------

--
-- Struktura widoku `infected_podlaskie`
--
DROP TABLE IF EXISTS `infected_podlaskie`;

CREATE ALGORITHM=UNDEFINED DEFINER=`omicron`@`localhost` SQL SECURITY DEFINER VIEW `infected_podlaskie`  AS  select `cp`.`date` AS `date`,sum(`cp`.`infected`) AS `-- r.``name``,
    sum(cp.``infected``)`,sum(`cp`.`death`) AS `sum(cp.``death``)` from (`covid_pl2` `cp` join `regions` `r` on(`r`.`id` = `cp`.`region_id`)) where `cp`.`region_id` = 10 group by `cp`.`date` order by `cp`.`date` ;

--
-- Indeksy dla zrzutów tabel
--

--
-- Indeksy dla tabeli `covid_pl`
--
ALTER TABLE `covid_pl`
  ADD PRIMARY KEY (`id`),
  ADD UNIQUE KEY `date-region-unique` (`date`,`region_id`);

--
-- Indeksy dla tabeli `tmp_death`
--
ALTER TABLE `tmp_death`
  ADD PRIMARY KEY (`id`);

--
-- Indeksy dla tabeli `tmp_infected`
--
ALTER TABLE `tmp_infected`
  ADD PRIMARY KEY (`id`);

--
-- AUTO_INCREMENT for dumped tables
--

--
-- AUTO_INCREMENT dla tabeli `covid_pl`
--
ALTER TABLE `covid_pl`
  MODIFY `id` int(10) UNSIGNED NOT NULL AUTO_INCREMENT, AUTO_INCREMENT=32;

--
-- AUTO_INCREMENT dla tabeli `tmp_death`
--
ALTER TABLE `tmp_death`
  MODIFY `id` int(11) NOT NULL AUTO_INCREMENT, AUTO_INCREMENT=46;

--
-- AUTO_INCREMENT dla tabeli `tmp_infected`
--
ALTER TABLE `tmp_infected`
  MODIFY `id` int(11) NOT NULL AUTO_INCREMENT, AUTO_INCREMENT=335;
COMMIT;

/*!40101 SET CHARACTER_SET_CLIENT=@OLD_CHARACTER_SET_CLIENT */;
/*!40101 SET CHARACTER_SET_RESULTS=@OLD_CHARACTER_SET_RESULTS */;
/*!40101 SET COLLATION_CONNECTION=@OLD_COLLATION_CONNECTION */;
